forgetting;lifetimes;snapshot_interval;mu;theta;lambda;units
exponential;30;0;0.3;0.1;0.03662040962227032;60
exponential;30;0;0.3;0.2;0.013515503603605475;60
exponential;30;0;0.5;0.1;0.05364793041447001;60
exponential;30;0;0.5;0.2;0.03054302439580517;60
exponential;30;0;0.8;0.1;0.06931471805599453;60
exponential;30;0;0.8;0.2;0.046209812037329684;60
exponential;30;5;0.3;0.1;0.03662040962227032;60
exponential;30;5;0.3;0.2;0.013515503603605475;60
exponential;30;5;0.5;0.1;0.05364793041447001;60
exponential;30;5;0.5;0.2;0.03054302439580517;60
exponential;30;5;0.8;0.1;0.06931471805599453;60
exponential;30;5;0.8;0.2;0.046209812037329684;60
exponential;30;10;0.3;0.1;0.03662040962227032;60
exponential;30;10;0.3;0.2;0.013515503603605475;60
exponential;30;10;0.5;0.1;0.05364793041447001;60
exponential;30;10;0.5;0.2;0.03054302439580517;60
exponential;30;10;0.8;0.1;0.06931471805599453;60
exponential;30;10;0.8;0.2;0.046209812037329684;60
exponential;30;30;0.3;0.1;0.03662040962227032;60
exponential;30;30;0.3;0.2;0.013515503603605475;60
exponential;30;30;0.5;0.1;0.05364793041447001;60
exponential;30;30;0.5;0.2;0.03054302439580517;60
exponential;30;30;0.8;0.1;0.06931471805599453;60
exponential;30;30;0.8;0.2;0.046209812037329684;60
exponential;30;60;0.3;0.1;0.03662040962227032;60
exponential;30;60;0.3;0.2;0.013515503603605475;60
exponential;30;60;0.5;0.1;0.05364793041447001;60
exponential;30;60;0.5;0.2;0.03054302439580517;60
exponential;30;60;0.8;0.1;0.06931471805599453;60
exponential;30;60;0.8;0.2;0.046209812037329684;60
exponential;30;120;0.3;0.1;0.03662040962227032;60
exponential;30;120;0.3;0.2;0.013515503603605475;60
exponential;30;120;0.5;0.1;0.05364793041447001;60
exponential;30;120;0.5;0.2;0.03054302439580517;60
exponential;30;120;0.8;0.1;0.06931471805599453;60
exponential;30;120;0.8;0.2;0.046209812037329684;60
exponential;30;180;0.3;0.1;0.03662040962227032;60
exponential;30;180;0.3;0.2;0.013515503603605475;60
exponential;30;180;0.5;0.1;0.05364793041447001;60
exponential;30;180;0.5;0.2;0.03054302439580517;60
exponential;30;180;0.8;0.1;0.06931471805599453;60
exponential;30;180;0.8;0.2;0.046209812037329684;60
exponential;30;240;0.3;0.1;0.03662040962227032;60
exponential;30;240;0.3;0.2;0.013515503603605475;60
exponential;30;240;0.5;0.1;0.05364793041447001;60
exponential;30;240;0.5;0.2;0.03054302439580517;60
exponential;30;240;0.8;0.1;0.06931471805599453;60
exponential;30;240;0.8;0.2;0.046209812037329684;60
exponential;30;300;0.3;0.1;0.03662040962227032;60
exponential;30;300;0.3;0.2;0.013515503603605475;60
exponential;30;300;0.5;0.1;0.05364793041447001;60
exponential;30;300;0.5;0.2;0.03054302439580517;60
exponential;30;300;0.8;0.1;0.06931471805599453;60
exponential;30;300;0.8;0.2;0.046209812037329684;60
exponential;30;360;0.3;0.1;0.03662040962227032;60
exponential;30;360;0.3;0.2;0.013515503603605475;60
exponential;30;360;0.5;0.1;0.05364793041447001;60
exponential;30;360;0.5;0.2;0.03054302439580517;60
exponential;30;360;0.8;0.1;0.06931471805599453;60
exponential;30;360;0.8;0.2;0.046209812037329684;60
exponential;60;0;0.3;0.1;0.01831020481113516;60
exponential;60;0;0.3;0.2;0.006757751801802737;60
exponential;60;0;0.5;0.1;0.026823965207235005;60
exponential;60;0;0.5;0.2;0.015271512197902584;60
exponential;60;0;0.8;0.1;0.03465735902799726;60
exponential;60;0;0.8;0.2;0.023104906018664842;60
exponential;60;5;0.3;0.1;0.01831020481113516;60
exponential;60;5;0.3;0.2;0.006757751801802737;60
exponential;60;5;0.5;0.1;0.026823965207235005;60
exponential;60;5;0.5;0.2;0.015271512197902584;60
exponential;60;5;0.8;0.1;0.03465735902799726;60
exponential;60;5;0.8;0.2;0.023104906018664842;60
exponential;60;10;0.3;0.1;0.01831020481113516;60
exponential;60;10;0.3;0.2;0.006757751801802737;60
exponential;60;10;0.5;0.1;0.026823965207235005;60
exponential;60;10;0.5;0.2;0.015271512197902584;60
exponential;60;10;0.8;0.1;0.03465735902799726;60
exponential;60;10;0.8;0.2;0.023104906018664842;60
exponential;60;30;0.3;0.1;0.01831020481113516;60
exponential;60;30;0.3;0.2;0.006757751801802737;60
exponential;60;30;0.5;0.1;0.026823965207235005;60
exponential;60;30;0.5;0.2;0.015271512197902584;60
exponential;60;30;0.8;0.1;0.03465735902799726;60
exponential;60;30;0.8;0.2;0.023104906018664842;60
exponential;60;60;0.3;0.1;0.01831020481113516;60
exponential;60;60;0.3;0.2;0.006757751801802737;60
exponential;60;60;0.5;0.1;0.026823965207235005;60
exponential;60;60;0.5;0.2;0.015271512197902584;60
exponential;60;60;0.8;0.1;0.03465735902799726;60
exponential;60;60;0.8;0.2;0.023104906018664842;60
exponential;60;120;0.3;0.1;0.01831020481113516;60
exponential;60;120;0.3;0.2;0.006757751801802737;60
exponential;60;120;0.5;0.1;0.026823965207235005;60
exponential;60;120;0.5;0.2;0.015271512197902584;60
exponential;60;120;0.8;0.1;0.03465735902799726;60
exponential;60;120;0.8;0.2;0.023104906018664842;60
exponential;60;180;0.3;0.1;0.01831020481113516;60
exponential;60;180;0.3;0.2;0.006757751801802737;60
exponential;60;180;0.5;0.1;0.026823965207235005;60
exponential;60;180;0.5;0.2;0.015271512197902584;60
exponential;60;180;0.8;0.1;0.03465735902799726;60
exponential;60;180;0.8;0.2;0.023104906018664842;60
exponential;60;240;0.3;0.1;0.01831020481113516;60
exponential;60;240;0.3;0.2;0.006757751801802737;60
exponential;60;240;0.5;0.1;0.026823965207235005;60
exponential;60;240;0.5;0.2;0.015271512197902584;60
exponential;60;240;0.8;0.1;0.03465735902799726;60
exponential;60;240;0.8;0.2;0.023104906018664842;60
exponential;60;300;0.3;0.1;0.01831020481113516;60
exponential;60;300;0.3;0.2;0.006757751801802737;60
exponential;60;300;0.5;0.1;0.026823965207235005;60
exponential;60;300;0.5;0.2;0.015271512197902584;60
exponential;60;300;0.8;0.1;0.03465735902799726;60
exponential;60;300;0.8;0.2;0.023104906018664842;60
exponential;60;360;0.3;0.1;0.01831020481113516;60
exponential;60;360;0.3;0.2;0.006757751801802737;60
exponential;60;360;0.5;0.1;0.026823965207235005;60
exponential;60;360;0.5;0.2;0.015271512197902584;60
exponential;60;360;0.8;0.1;0.03465735902799726;60
exponential;60;360;0.8;0.2;0.023104906018664842;60
exponential;90;0;0.3;0.1;0.01220680320742344;60
exponential;90;0;0.3;0.2;0.0045051678678684915;60
exponential;90;0;0.5;0.1;0.017882643471490003;60
exponential;90;0;0.5;0.2;0.010181008131935057;60
exponential;90;0;0.8;0.1;0.023104906018664842;60
exponential;90;0;0.8;0.2;0.015403270679109895;60
exponential;90;5;0.3;0.1;0.01220680320742344;60
exponential;90;5;0.3;0.2;0.0045051678678684915;60
exponential;90;5;0.5;0.1;0.017882643471490003;60
exponential;90;5;0.5;0.2;0.010181008131935057;60
exponential;90;5;0.8;0.1;0.023104906018664842;60
exponential;90;5;0.8;0.2;0.015403270679109895;60
exponential;90;10;0.3;0.1;0.01220680320742344;60
exponential;90;10;0.3;0.2;0.0045051678678684915;60
exponential;90;10;0.5;0.1;0.017882643471490003;60
exponential;90;10;0.5;0.2;0.010181008131935057;60
exponential;90;10;0.8;0.1;0.023104906018664842;60
exponential;90;10;0.8;0.2;0.015403270679109895;60
exponential;90;30;0.3;0.1;0.01220680320742344;60
exponential;90;30;0.3;0.2;0.0045051678678684915;60
exponential;90;30;0.5;0.1;0.017882643471490003;60
exponential;90;30;0.5;0.2;0.010181008131935057;60
exponential;90;30;0.8;0.1;0.023104906018664842;60
exponential;90;30;0.8;0.2;0.015403270679109895;60
exponential;90;60;0.3;0.1;0.01220680320742344;60
exponential;90;60;0.3;0.2;0.0045051678678684915;60
exponential;90;60;0.5;0.1;0.017882643471490003;60
exponential;90;60;0.5;0.2;0.010181008131935057;60
exponential;90;60;0.8;0.1;0.023104906018664842;60
exponential;90;60;0.8;0.2;0.015403270679109895;60
exponential;90;120;0.3;0.1;0.01220680320742344;60
exponential;90;120;0.3;0.2;0.0045051678678684915;60
exponential;90;120;0.5;0.1;0.017882643471490003;60
exponential;90;120;0.5;0.2;0.010181008131935057;60
exponential;90;120;0.8;0.1;0.023104906018664842;60
exponential;90;120;0.8;0.2;0.015403270679109895;60
exponential;90;180;0.3;0.1;0.01220680320742344;60
exponential;90;180;0.3;0.2;0.0045051678678684915;60
exponential;90;180;0.5;0.1;0.017882643471490003;60
exponential;90;180;0.5;0.2;0.010181008131935057;60
exponential;90;180;0.8;0.1;0.023104906018664842;60
exponential;90;180;0.8;0.2;0.015403270679109895;60
exponential;90;240;0.3;0.1;0.01220680320742344;60
exponential;90;240;0.3;0.2;0.0045051678678684915;60
exponential;90;240;0.5;0.1;0.017882643471490003;60
exponential;90;240;0.5;0.2;0.010181008131935057;60
exponential;90;240;0.8;0.1;0.023104906018664842;60
exponential;90;240;0.8;0.2;0.015403270679109895;60
exponential;90;300;0.3;0.1;0.01220680320742344;60
exponential;90;300;0.3;0.2;0.0045051678678684915;60
exponential;90;300;0.5;0.1;0.017882643471490003;60
exponential;90;300;0.5;0.2;0.010181008131935057;60
exponential;90;300;0.8;0.1;0.023104906018664842;60
exponential;90;300;0.8;0.2;0.015403270679109895;60
exponential;90;360;0.3;0.1;0.01220680320742344;60
exponential;90;360;0.3;0.2;0.0045051678678684915;60
exponential;90;360;0.5;0.1;0.017882643471490003;60
exponential;90;360;0.5;0.2;0.010181008131935057;60
exponential;90;360;0.8;0.1;0.023104906018664842;60
exponential;90;360;0.8;0.2;0.015403270679109895;60
exponential;120;0;0.3;0.1;0.00915510240556758;60
exponential;120;0;0.3;0.2;0.0033788759009013686;60
exponential;120;0;0.5;0.1;0.013411982603617503;60
exponential;120;0;0.5;0.2;0.007635756098951292;60
exponential;120;0;0.8;0.1;0.01732867951399863;60
exponential;120;0;0.8;0.2;0.011552453009332421;60
exponential;120;5;0.3;0.1;0.00915510240556758;60
exponential;120;5;0.3;0.2;0.0033788759009013686;60
exponential;120;5;0.5;0.1;0.013411982603617503;60
exponential;120;5;0.5;0.2;0.007635756098951292;60
exponential;120;5;0.8;0.1;0.01732867951399863;60
exponential;120;5;0.8;0.2;0.011552453009332421;60
exponential;120;10;0.3;0.1;0.00915510240556758;60
exponential;120;10;0.3;0.2;0.0033788759009013686;60
exponential;120;10;0.5;0.1;0.013411982603617503;60
exponential;120;10;0.5;0.2;0.007635756098951292;60
exponential;120;10;0.8;0.1;0.01732867951399863;60
exponential;120;10;0.8;0.2;0.011552453009332421;60
exponential;120;30;0.3;0.1;0.00915510240556758;60
exponential;120;30;0.3;0.2;0.0033788759009013686;60
exponential;120;30;0.5;0.1;0.013411982603617503;60
exponential;120;30;0.5;0.2;0.007635756098951292;60
exponential;120;30;0.8;0.1;0.01732867951399863;60
exponential;120;30;0.8;0.2;0.011552453009332421;60
exponential;120;60;0.3;0.1;0.00915510240556758;60
exponential;120;60;0.3;0.2;0.0033788759009013686;60
exponential;120;60;0.5;0.1;0.013411982603617503;60
exponential;120;60;0.5;0.2;0.007635756098951292;60
exponential;120;60;0.8;0.1;0.01732867951399863;60
exponential;120;60;0.8;0.2;0.011552453009332421;60
exponential;120;120;0.3;0.1;0.00915510240556758;60
exponential;120;120;0.3;0.2;0.0033788759009013686;60
exponential;120;120;0.5;0.1;0.013411982603617503;60
exponential;120;120;0.5;0.2;0.007635756098951292;60
exponential;120;120;0.8;0.1;0.01732867951399863;60
exponential;120;120;0.8;0.2;0.011552453009332421;60
exponential;120;180;0.3;0.1;0.00915510240556758;60
exponential;120;180;0.3;0.2;0.0033788759009013686;60
exponential;120;180;0.5;0.1;0.013411982603617503;60
exponential;120;180;0.5;0.2;0.007635756098951292;60
exponential;120;180;0.8;0.1;0.01732867951399863;60
exponential;120;180;0.8;0.2;0.011552453009332421;60
exponential;120;240;0.3;0.1;0.00915510240556758;60
exponential;120;240;0.3;0.2;0.0033788759009013686;60
exponential;120;240;0.5;0.1;0.013411982603617503;60
exponential;120;240;0.5;0.2;0.007635756098951292;60
exponential;120;240;0.8;0.1;0.01732867951399863;60
exponential;120;240;0.8;0.2;0.011552453009332421;60
exponential;120;300;0.3;0.1;0.00915510240556758;60
exponential;120;300;0.3;0.2;0.0033788759009013686;60
exponential;120;300;0.5;0.1;0.013411982603617503;60
exponential;120;300;0.5;0.2;0.007635756098951292;60
exponential;120;300;0.8;0.1;0.01732867951399863;60
exponential;120;300;0.8;0.2;0.011552453009332421;60
exponential;120;360;0.3;0.1;0.00915510240556758;60
exponential;120;360;0.3;0.2;0.0033788759009013686;60
exponential;120;360;0.5;0.1;0.013411982603617503;60
exponential;120;360;0.5;0.2;0.007635756098951292;60
exponential;120;360;0.8;0.1;0.01732867951399863;60
exponential;120;360;0.8;0.2;0.011552453009332421;60
exponential;180;0;0.3;0.1;0.00610340160371172;60
exponential;180;0;0.3;0.2;0.0022525839339342458;60
exponential;180;0;0.5;0.1;0.008941321735745002;60
exponential;180;0;0.5;0.2;0.005090504065967528;60
exponential;180;0;0.8;0.1;0.011552453009332421;60
exponential;180;0;0.8;0.2;0.007701635339554948;60
exponential;180;5;0.3;0.1;0.00610340160371172;60
exponential;180;5;0.3;0.2;0.0022525839339342458;60
exponential;180;5;0.5;0.1;0.008941321735745002;60
exponential;180;5;0.5;0.2;0.005090504065967528;60
exponential;180;5;0.8;0.1;0.011552453009332421;60
exponential;180;5;0.8;0.2;0.007701635339554948;60
exponential;180;10;0.3;0.1;0.00610340160371172;60
exponential;180;10;0.3;0.2;0.0022525839339342458;60
exponential;180;10;0.5;0.1;0.008941321735745002;60
exponential;180;10;0.5;0.2;0.005090504065967528;60
exponential;180;10;0.8;0.1;0.011552453009332421;60
exponential;180;10;0.8;0.2;0.007701635339554948;60
exponential;180;30;0.3;0.1;0.00610340160371172;60
exponential;180;30;0.3;0.2;0.0022525839339342458;60
exponential;180;30;0.5;0.1;0.008941321735745002;60
exponential;180;30;0.5;0.2;0.005090504065967528;60
exponential;180;30;0.8;0.1;0.011552453009332421;60
exponential;180;30;0.8;0.2;0.007701635339554948;60
exponential;180;60;0.3;0.1;0.00610340160371172;60
exponential;180;60;0.3;0.2;0.0022525839339342458;60
exponential;180;60;0.5;0.1;0.008941321735745002;60
exponential;180;60;0.5;0.2;0.005090504065967528;60
exponential;180;60;0.8;0.1;0.011552453009332421;60
exponential;180;60;0.8;0.2;0.007701635339554948;60
exponential;180;120;0.3;0.1;0.00610340160371172;60
exponential;180;120;0.3;0.2;0.0022525839339342458;60
exponential;180;120;0.5;0.1;0.008941321735745002;60
exponential;180;120;0.5;0.2;0.005090504065967528;60
exponential;180;120;0.8;0.1;0.011552453009332421;60
exponential;180;120;0.8;0.2;0.007701635339554948;60
exponential;180;180;0.3;0.1;0.00610340160371172;60
exponential;180;180;0.3;0.2;0.0022525839339342458;60
exponential;180;180;0.5;0.1;0.008941321735745002;60
exponential;180;180;0.5;0.2;0.005090504065967528;60
exponential;180;180;0.8;0.1;0.011552453009332421;60
exponential;180;180;0.8;0.2;0.007701635339554948;60
exponential;180;240;0.3;0.1;0.00610340160371172;60
exponential;180;240;0.3;0.2;0.0022525839339342458;60
exponential;180;240;0.5;0.1;0.008941321735745002;60
exponential;180;240;0.5;0.2;0.005090504065967528;60
exponential;180;240;0.8;0.1;0.011552453009332421;60
exponential;180;240;0.8;0.2;0.007701635339554948;60
exponential;180;300;0.3;0.1;0.00610340160371172;60
exponential;180;300;0.3;0.2;0.0022525839339342458;60
exponential;180;300;0.5;0.1;0.008941321735745002;60
exponential;180;300;0.5;0.2;0.005090504065967528;60
exponential;180;300;0.8;0.1;0.011552453009332421;60
exponential;180;300;0.8;0.2;0.007701635339554948;60
exponential;180;360;0.3;0.1;0.00610340160371172;60
exponential;180;360;0.3;0.2;0.0022525839339342458;60
exponential;180;360;0.5;0.1;0.008941321735745002;60
exponential;180;360;0.5;0.2;0.005090504065967528;60
exponential;180;360;0.8;0.1;0.011552453009332421;60
exponential;180;360;0.8;0.2;0.007701635339554948;60
exponential;360;0;0.3;0.1;0.00305170080185586;60
exponential;360;0;0.3;0.2;0.0011262919669671229;60
exponential;360;0;0.5;0.1;0.004470660867872501;60
exponential;360;0;0.5;0.2;0.002545252032983764;60
exponential;360;0;0.8;0.1;0.0057762265046662105;60
exponential;360;0;0.8;0.2;0.003850817669777474;60
exponential;360;5;0.3;0.1;0.00305170080185586;60
exponential;360;5;0.3;0.2;0.0011262919669671229;60
exponential;360;5;0.5;0.1;0.004470660867872501;60
exponential;360;5;0.5;0.2;0.002545252032983764;60
exponential;360;5;0.8;0.1;0.0057762265046662105;60
exponential;360;5;0.8;0.2;0.003850817669777474;60
exponential;360;10;0.3;0.1;0.00305170080185586;60
exponential;360;10;0.3;0.2;0.0011262919669671229;60
exponential;360;10;0.5;0.1;0.004470660867872501;60
exponential;360;10;0.5;0.2;0.002545252032983764;60
exponential;360;10;0.8;0.1;0.0057762265046662105;60
exponential;360;10;0.8;0.2;0.003850817669777474;60
exponential;360;30;0.3;0.1;0.00305170080185586;60
exponential;360;30;0.3;0.2;0.0011262919669671229;60
exponential;360;30;0.5;0.1;0.004470660867872501;60
exponential;360;30;0.5;0.2;0.002545252032983764;60
exponential;360;30;0.8;0.1;0.0057762265046662105;60
exponential;360;30;0.8;0.2;0.003850817669777474;60
exponential;360;60;0.3;0.1;0.00305170080185586;60
exponential;360;60;0.3;0.2;0.0011262919669671229;60
exponential;360;60;0.5;0.1;0.004470660867872501;60
exponential;360;60;0.5;0.2;0.002545252032983764;60
exponential;360;60;0.8;0.1;0.0057762265046662105;60
exponential;360;60;0.8;0.2;0.003850817669777474;60
exponential;360;120;0.3;0.1;0.00305170080185586;60
exponential;360;120;0.3;0.2;0.0011262919669671229;60
exponential;360;120;0.5;0.1;0.004470660867872501;60
exponential;360;120;0.5;0.2;0.002545252032983764;60
exponential;360;120;0.8;0.1;0.0057762265046662105;60
exponential;360;120;0.8;0.2;0.003850817669777474;60
exponential;360;180;0.3;0.1;0.00305170080185586;60
exponential;360;180;0.3;0.2;0.0011262919669671229;60
exponential;360;180;0.5;0.1;0.004470660867872501;60
exponential;360;180;0.5;0.2;0.002545252032983764;60
exponential;360;180;0.8;0.1;0.0057762265046662105;60
exponential;360;180;0.8;0.2;0.003850817669777474;60
exponential;360;240;0.3;0.1;0.00305170080185586;60
exponential;360;240;0.3;0.2;0.0011262919669671229;60
exponential;360;240;0.5;0.1;0.004470660867872501;60
exponential;360;240;0.5;0.2;0.002545252032983764;60
exponential;360;240;0.8;0.1;0.0057762265046662105;60
exponential;360;240;0.8;0.2;0.003850817669777474;60
exponential;360;300;0.3;0.1;0.00305170080185586;60
exponential;360;300;0.3;0.2;0.0011262919669671229;60
exponential;360;300;0.5;0.1;0.004470660867872501;60
exponential;360;300;0.5;0.2;0.002545252032983764;60
exponential;360;300;0.8;0.1;0.0057762265046662105;60
exponential;360;300;0.8;0.2;0.003850817669777474;60
exponential;360;360;0.3;0.1;0.00305170080185586;60
exponential;360;360;0.3;0.2;0.0011262919669671229;60
exponential;360;360;0.5;0.1;0.004470660867872501;60
exponential;360;360;0.5;0.2;0.002545252032983764;60
exponential;360;360;0.8;0.1;0.0057762265046662105;60
exponential;360;360;0.8;0.2;0.003850817669777474;60
exponential;720;0;0.3;0.1;0.00152585040092793;60
exponential;720;0;0.3;0.2;0.0005631459834835614;60
exponential;720;0;0.5;0.1;0.0022353304339362504;60
exponential;720;0;0.5;0.2;0.001272626016491882;60
exponential;720;0;0.8;0.1;0.0028881132523331052;60
exponential;720;0;0.8;0.2;0.001925408834888737;60
exponential;720;5;0.3;0.1;0.00152585040092793;60
exponential;720;5;0.3;0.2;0.0005631459834835614;60
exponential;720;5;0.5;0.1;0.0022353304339362504;60
exponential;720;5;0.5;0.2;0.001272626016491882;60
exponential;720;5;0.8;0.1;0.0028881132523331052;60
exponential;720;5;0.8;0.2;0.001925408834888737;60
exponential;720;10;0.3;0.1;0.00152585040092793;60
exponential;720;10;0.3;0.2;0.0005631459834835614;60
exponential;720;10;0.5;0.1;0.0022353304339362504;60
exponential;720;10;0.5;0.2;0.001272626016491882;60
exponential;720;10;0.8;0.1;0.0028881132523331052;60
exponential;720;10;0.8;0.2;0.001925408834888737;60
exponential;720;30;0.3;0.1;0.00152585040092793;60
exponential;720;30;0.3;0.2;0.0005631459834835614;60
exponential;720;30;0.5;0.1;0.0022353304339362504;60
exponential;720;30;0.5;0.2;0.001272626016491882;60
exponential;720;30;0.8;0.1;0.0028881132523331052;60
exponential;720;30;0.8;0.2;0.001925408834888737;60
exponential;720;60;0.3;0.1;0.00152585040092793;60
exponential;720;60;0.3;0.2;0.0005631459834835614;60
exponential;720;60;0.5;0.1;0.0022353304339362504;60
exponential;720;60;0.5;0.2;0.001272626016491882;60
exponential;720;60;0.8;0.1;0.0028881132523331052;60
exponential;720;60;0.8;0.2;0.001925408834888737;60
exponential;720;120;0.3;0.1;0.00152585040092793;60
exponential;720;120;0.3;0.2;0.0005631459834835614;60
exponential;720;120;0.5;0.1;0.0022353304339362504;60
exponential;720;120;0.5;0.2;0.001272626016491882;60
exponential;720;120;0.8;0.1;0.0028881132523331052;60
exponential;720;120;0.8;0.2;0.001925408834888737;60
exponential;720;180;0.3;0.1;0.00152585040092793;60
exponential;720;180;0.3;0.2;0.0005631459834835614;60
exponential;720;180;0.5;0.1;0.0022353304339362504;60
exponential;720;180;0.5;0.2;0.001272626016491882;60
exponential;720;180;0.8;0.1;0.0028881132523331052;60
exponential;720;180;0.8;0.2;0.001925408834888737;60
exponential;720;240;0.3;0.1;0.00152585040092793;60
exponential;720;240;0.3;0.2;0.0005631459834835614;60
exponential;720;240;0.5;0.1;0.0022353304339362504;60
exponential;720;240;0.5;0.2;0.001272626016491882;60
exponential;720;240;0.8;0.1;0.0028881132523331052;60
exponential;720;240;0.8;0.2;0.001925408834888737;60
exponential;720;300;0.3;0.1;0.00152585040092793;60
exponential;720;300;0.3;0.2;0.0005631459834835614;60
exponential;720;300;0.5;0.1;0.0022353304339362504;60
exponential;720;300;0.5;0.2;0.001272626016491882;60
exponential;720;300;0.8;0.1;0.0028881132523331052;60
exponential;720;300;0.8;0.2;0.001925408834888737;60
exponential;720;360;0.3;0.1;0.00152585040092793;60
exponential;720;360;0.3;0.2;0.0005631459834835614;60
exponential;720;360;0.5;0.1;0.0022353304339362504;60
exponential;720;360;0.5;0.2;0.001272626016491882;60
exponential;720;360;0.8;0.1;0.0028881132523331052;60
exponential;720;360;0.8;0.2;0.001925408834888737;60
exponential;1440;0;0.3;0.1;0.000762925200463965;60
exponential;1440;0;0.3;0.2;0.0002815729917417807;60
exponential;1440;0;0.5;0.1;0.0011176652169681252;60
exponential;1440;0;0.5;0.2;0.000636313008245941;60
exponential;1440;0;0.8;0.1;0.0014440566261665526;60
exponential;1440;0;0.8;0.2;0.0009627044174443685;60
exponential;1440;5;0.3;0.1;0.000762925200463965;60
exponential;1440;5;0.3;0.2;0.0002815729917417807;60
exponential;1440;5;0.5;0.1;0.0011176652169681252;60
exponential;1440;5;0.5;0.2;0.000636313008245941;60
exponential;1440;5;0.8;0.1;0.0014440566261665526;60
exponential;1440;5;0.8;0.2;0.0009627044174443685;60
exponential;1440;10;0.3;0.1;0.000762925200463965;60
exponential;1440;10;0.3;0.2;0.0002815729917417807;60
exponential;1440;10;0.5;0.1;0.0011176652169681252;60
exponential;1440;10;0.5;0.2;0.000636313008245941;60
exponential;1440;10;0.8;0.1;0.0014440566261665526;60
exponential;1440;10;0.8;0.2;0.0009627044174443685;60
exponential;1440;30;0.3;0.1;0.000762925200463965;60
exponential;1440;30;0.3;0.2;0.0002815729917417807;60
exponential;1440;30;0.5;0.1;0.0011176652169681252;60
exponential;1440;30;0.5;0.2;0.000636313008245941;60
exponential;1440;30;0.8;0.1;0.0014440566261665526;60
exponential;1440;30;0.8;0.2;0.0009627044174443685;60
exponential;1440;60;0.3;0.1;0.000762925200463965;60
exponential;1440;60;0.3;0.2;0.0002815729917417807;60
exponential;1440;60;0.5;0.1;0.0011176652169681252;60
exponential;1440;60;0.5;0.2;0.000636313008245941;60
exponential;1440;60;0.8;0.1;0.0014440566261665526;60
exponential;1440;60;0.8;0.2;0.0009627044174443685;60
exponential;1440;120;0.3;0.1;0.000762925200463965;60
exponential;1440;120;0.3;0.2;0.0002815729917417807;60
exponential;1440;120;0.5;0.1;0.0011176652169681252;60
exponential;1440;120;0.5;0.2;0.000636313008245941;60
exponential;1440;120;0.8;0.1;0.0014440566261665526;60
exponential;1440;120;0.8;0.2;0.0009627044174443685;60
exponential;1440;180;0.3;0.1;0.000762925200463965;60
exponential;1440;180;0.3;0.2;0.0002815729917417807;60
exponential;1440;180;0.5;0.1;0.0011176652169681252;60
exponential;1440;180;0.5;0.2;0.000636313008245941;60
exponential;1440;180;0.8;0.1;0.0014440566261665526;60
exponential;1440;180;0.8;0.2;0.0009627044174443685;60
exponential;1440;240;0.3;0.1;0.000762925200463965;60
exponential;1440;240;0.3;0.2;0.0002815729917417807;60
exponential;1440;240;0.5;0.1;0.0011176652169681252;60
exponential;1440;240;0.5;0.2;0.000636313008245941;60
exponential;1440;240;0.8;0.1;0.0014440566261665526;60
exponential;1440;240;0.8;0.2;0.0009627044174443685;60
exponential;1440;300;0.3;0.1;0.000762925200463965;60
exponential;1440;300;0.3;0.2;0.0002815729917417807;60
exponential;1440;300;0.5;0.1;0.0011176652169681252;60
exponential;1440;300;0.5;0.2;0.000636313008245941;60
exponential;1440;300;0.8;0.1;0.0014440566261665526;60
exponential;1440;300;0.8;0.2;0.0009627044174443685;60
exponential;1440;360;0.3;0.1;0.000762925200463965;60
exponential;1440;360;0.3;0.2;0.0002815729917417807;60
exponential;1440;360;0.5;0.1;0.0011176652169681252;60
exponential;1440;360;0.5;0.2;0.000636313008245941;60
exponential;1440;360;0.8;0.1;0.0014440566261665526;60
exponential;1440;360;0.8;0.2;0.0009627044174443685;60
exponential;2880;0;0.3;0.1;0.0003814626002319825;60
exponential;2880;0;0.3;0.2;0.00014078649587089036;60
exponential;2880;0;0.5;0.1;0.0005588326084840626;60
exponential;2880;0;0.5;0.2;0.0003181565041229705;60
exponential;2880;0;0.8;0.1;0.0007220283130832763;60
exponential;2880;0;0.8;0.2;0.0004813522087221842;60
exponential;2880;5;0.3;0.1;0.0003814626002319825;60
exponential;2880;5;0.3;0.2;0.00014078649587089036;60
exponential;2880;5;0.5;0.1;0.0005588326084840626;60
exponential;2880;5;0.5;0.2;0.0003181565041229705;60
exponential;2880;5;0.8;0.1;0.0007220283130832763;60
exponential;2880;5;0.8;0.2;0.0004813522087221842;60
exponential;2880;10;0.3;0.1;0.0003814626002319825;60
exponential;2880;10;0.3;0.2;0.00014078649587089036;60
exponential;2880;10;0.5;0.1;0.0005588326084840626;60
exponential;2880;10;0.5;0.2;0.0003181565041229705;60
exponential;2880;10;0.8;0.1;0.0007220283130832763;60
exponential;2880;10;0.8;0.2;0.0004813522087221842;60
exponential;2880;30;0.3;0.1;0.0003814626002319825;60
exponential;2880;30;0.3;0.2;0.00014078649587089036;60
exponential;2880;30;0.5;0.1;0.0005588326084840626;60
exponential;2880;30;0.5;0.2;0.0003181565041229705;60
exponential;2880;30;0.8;0.1;0.0007220283130832763;60
exponential;2880;30;0.8;0.2;0.0004813522087221842;60
exponential;2880;60;0.3;0.1;0.0003814626002319825;60
exponential;2880;60;0.3;0.2;0.00014078649587089036;60
exponential;2880;60;0.5;0.1;0.0005588326084840626;60
exponential;2880;60;0.5;0.2;0.0003181565041229705;60
exponential;2880;60;0.8;0.1;0.0007220283130832763;60
exponential;2880;60;0.8;0.2;0.0004813522087221842;60
exponential;2880;120;0.3;0.1;0.0003814626002319825;60
exponential;2880;120;0.3;0.2;0.00014078649587089036;60
exponential;2880;120;0.5;0.1;0.0005588326084840626;60
exponential;2880;120;0.5;0.2;0.0003181565041229705;60
exponential;2880;120;0.8;0.1;0.0007220283130832763;60
exponential;2880;120;0.8;0.2;0.0004813522087221842;60
exponential;2880;180;0.3;0.1;0.0003814626002319825;60
exponential;2880;180;0.3;0.2;0.00014078649587089036;60
exponential;2880;180;0.5;0.1;0.0005588326084840626;60
exponential;2880;180;0.5;0.2;0.0003181565041229705;60
exponential;2880;180;0.8;0.1;0.0007220283130832763;60
exponential;2880;180;0.8;0.2;0.0004813522087221842;60
exponential;2880;240;0.3;0.1;0.0003814626002319825;60
exponential;2880;240;0.3;0.2;0.00014078649587089036;60
exponential;2880;240;0.5;0.1;0.0005588326084840626;60
exponential;2880;240;0.5;0.2;0.0003181565041229705;60
exponential;2880;240;0.8;0.1;0.0007220283130832763;60
exponential;2880;240;0.8;0.2;0.0004813522087221842;60
exponential;2880;300;0.3;0.1;0.0003814626002319825;60
exponential;2880;300;0.3;0.2;0.00014078649587089036;60
exponential;2880;300;0.5;0.1;0.0005588326084840626;60
exponential;2880;300;0.5;0.2;0.0003181565041229705;60
exponential;2880;300;0.8;0.1;0.0007220283130832763;60
exponential;2880;300;0.8;0.2;0.0004813522087221842;60
exponential;2880;360;0.3;0.1;0.0003814626002319825;60
exponential;2880;360;0.3;0.2;0.00014078649587089036;60
exponential;2880;360;0.5;0.1;0.0005588326084840626;60
exponential;2880;360;0.5;0.2;0.0003181565041229705;60
exponential;2880;360;0.8;0.1;0.0007220283130832763;60
exponential;2880;360;0.8;0.2;0.0004813522087221842;60
power;30;0;0.3;0.1;3.7365972396798424;60
power;30;0;0.3;0.2;1.379066864052851;60
power;30;0;0.5;0.1;5.474016013718668;60
power;30;0;0.5;0.2;3.1164856380916763;60
power;30;0;0.8;0.1;7.072591126880973;60
power;30;0;0.8;0.2;4.715060751253983;60
power;30;5;0.3;0.1;3.7365972396798424;60
power;30;5;0.3;0.2;1.379066864052851;60
power;30;5;0.5;0.1;5.474016013718668;60
power;30;5;0.5;0.2;3.1164856380916763;60
power;30;5;0.8;0.1;7.072591126880973;60
power;30;5;0.8;0.2;4.715060751253983;60
power;30;10;0.3;0.1;3.7365972396798424;60
power;30;10;0.3;0.2;1.379066864052851;60
power;30;10;0.5;0.1;5.474016013718668;60
power;30;10;0.5;0.2;3.1164856380916763;60
power;30;10;0.8;0.1;7.072591126880973;60
power;30;10;0.8;0.2;4.715060751253983;60
power;30;30;0.3;0.1;3.7365972396798424;60
power;30;30;0.3;0.2;1.379066864052851;60
power;30;30;0.5;0.1;5.474016013718668;60
power;30;30;0.5;0.2;3.1164856380916763;60
power;30;30;0.8;0.1;7.072591126880973;60
power;30;30;0.8;0.2;4.715060751253983;60
power;30;60;0.3;0.1;3.7365972396798424;60
power;30;60;0.3;0.2;1.379066864052851;60
power;30;60;0.5;0.1;5.474016013718668;60
power;30;60;0.5;0.2;3.1164856380916763;60
power;30;60;0.8;0.1;7.072591126880973;60
power;30;60;0.8;0.2;4.715060751253983;60
power;30;120;0.3;0.1;3.7365972396798424;60
power;30;120;0.3;0.2;1.379066864052851;60
power;30;120;0.5;0.1;5.474016013718668;60
power;30;120;0.5;0.2;3.1164856380916763;60
power;30;120;0.8;0.1;7.072591126880973;60
power;30;120;0.8;0.2;4.715060751253983;60
power;30;180;0.3;0.1;3.7365972396798424;60
power;30;180;0.3;0.2;1.379066864052851;60
power;30;180;0.5;0.1;5.474016013718668;60
power;30;180;0.5;0.2;3.1164856380916763;60
power;30;180;0.8;0.1;7.072591126880973;60
power;30;180;0.8;0.2;4.715060751253983;60
power;30;240;0.3;0.1;3.7365972396798424;60
power;30;240;0.3;0.2;1.379066864052851;60
power;30;240;0.5;0.1;5.474016013718668;60
power;30;240;0.5;0.2;3.1164856380916763;60
power;30;240;0.8;0.1;7.072591126880973;60
power;30;240;0.8;0.2;4.715060751253983;60
power;30;300;0.3;0.1;3.7365972396798424;60
power;30;300;0.3;0.2;1.379066864052851;60
power;30;300;0.5;0.1;5.474016013718668;60
power;30;300;0.5;0.2;3.1164856380916763;60
power;30;300;0.8;0.1;7.072591126880973;60
power;30;300;0.8;0.2;4.715060751253983;60
power;30;360;0.3;0.1;3.7365972396798424;60
power;30;360;0.3;0.2;1.379066864052851;60
power;30;360;0.5;0.1;5.474016013718668;60
power;30;360;0.5;0.2;3.1164856380916763;60
power;30;360;0.8;0.1;7.072591126880973;60
power;30;360;0.8;0.2;4.715060751253983;60
power;60;0;0.3;0.1;4.498097250098651;60
power;60;0;0.3;0.2;1.6601138605534582;60
power;60;0;0.5;0.1;6.589593365008647;60
power;60;0;0.5;0.2;3.7516099754634555;60
power;60;0;0.8;0.1;8.513950168635576;60
power;60;0;0.8;0.2;5.675966779090385;60
power;60;5;0.3;0.1;4.498097250098651;60
power;60;5;0.3;0.2;1.6601138605534582;60
power;60;5;0.5;0.1;6.589593365008647;60
power;60;5;0.5;0.2;3.7516099754634555;60
power;60;5;0.8;0.1;8.513950168635576;60
power;60;5;0.8;0.2;5.675966779090385;60
power;60;10;0.3;0.1;4.498097250098651;60
power;60;10;0.3;0.2;1.6601138605534582;60
power;60;10;0.5;0.1;6.589593365008647;60
power;60;10;0.5;0.2;3.7516099754634555;60
power;60;10;0.8;0.1;8.513950168635576;60
power;60;10;0.8;0.2;5.675966779090385;60
power;60;30;0.3;0.1;4.498097250098651;60
power;60;30;0.3;0.2;1.6601138605534582;60
power;60;30;0.5;0.1;6.589593365008647;60
power;60;30;0.5;0.2;3.7516099754634555;60
power;60;30;0.8;0.1;8.513950168635576;60
power;60;30;0.8;0.2;5.675966779090385;60
power;60;60;0.3;0.1;4.498097250098651;60
power;60;60;0.3;0.2;1.6601138605534582;60
power;60;60;0.5;0.1;6.589593365008647;60
power;60;60;0.5;0.2;3.7516099754634555;60
power;60;60;0.8;0.1;8.513950168635576;60
power;60;60;0.8;0.2;5.675966779090385;60
power;60;120;0.3;0.1;4.498097250098651;60
power;60;120;0.3;0.2;1.6601138605534582;60
power;60;120;0.5;0.1;6.589593365008647;60
power;60;120;0.5;0.2;3.7516099754634555;60
power;60;120;0.8;0.1;8.513950168635576;60
power;60;120;0.8;0.2;5.675966779090385;60
power;60;180;0.3;0.1;4.498097250098651;60
power;60;180;0.3;0.2;1.6601138605534582;60
power;60;180;0.5;0.1;6.589593365008647;60
power;60;180;0.5;0.2;3.7516099754634555;60
power;60;180;0.8;0.1;8.513950168635576;60
power;60;180;0.8;0.2;5.675966779090385;60
power;60;240;0.3;0.1;4.498097250098651;60
power;60;240;0.3;0.2;1.6601138605534582;60
power;60;240;0.5;0.1;6.589593365008647;60
power;60;240;0.5;0.2;3.7516099754634555;60
power;60;240;0.8;0.1;8.513950168635576;60
power;60;240;0.8;0.2;5.675966779090385;60
power;60;300;0.3;0.1;4.498097250098651;60
power;60;300;0.3;0.2;1.6601138605534582;60
power;60;300;0.5;0.1;6.589593365008647;60
power;60;300;0.5;0.2;3.7516099754634555;60
power;60;300;0.8;0.1;8.513950168635576;60
power;60;300;0.8;0.2;5.675966779090385;60
power;60;360;0.3;0.1;4.498097250098651;60
power;60;360;0.3;0.2;1.6601138605534582;60
power;60;360;0.5;0.1;6.589593365008647;60
power;60;360;0.5;0.2;3.7516099754634555;60
power;60;360;0.8;0.1;8.513950168635576;60
power;60;360;0.8;0.2;5.675966779090385;60
power;90;0;0.3;0.1;4.943546200492424;60
power;90;0;0.3;0.2;1.8245158144466238;60
power;90;0;0.5;0.1;7.242164282167119;60
power;90;0;0.5;0.2;4.1231338961213195;60
power;90;0;0.8;0.1;9.3570911581374;60
power;90;0;0.8;0.2;6.2380607720916;60
power;90;5;0.3;0.1;4.943546200492424;60
power;90;5;0.3;0.2;1.8245158144466238;60
power;90;5;0.5;0.1;7.242164282167119;60
power;90;5;0.5;0.2;4.1231338961213195;60
power;90;5;0.8;0.1;9.3570911581374;60
power;90;5;0.8;0.2;6.2380607720916;60
power;90;10;0.3;0.1;4.943546200492424;60
power;90;10;0.3;0.2;1.8245158144466238;60
power;90;10;0.5;0.1;7.242164282167119;60
power;90;10;0.5;0.2;4.1231338961213195;60
power;90;10;0.8;0.1;9.3570911581374;60
power;90;10;0.8;0.2;6.2380607720916;60
power;90;30;0.3;0.1;4.943546200492424;60
power;90;30;0.3;0.2;1.8245158144466238;60
power;90;30;0.5;0.1;7.242164282167119;60
power;90;30;0.5;0.2;4.1231338961213195;60
power;90;30;0.8;0.1;9.3570911581374;60
power;90;30;0.8;0.2;6.2380607720916;60
power;90;60;0.3;0.1;4.943546200492424;60
power;90;60;0.3;0.2;1.8245158144466238;60
power;90;60;0.5;0.1;7.242164282167119;60
power;90;60;0.5;0.2;4.1231338961213195;60
power;90;60;0.8;0.1;9.3570911581374;60
power;90;60;0.8;0.2;6.2380607720916;60
power;90;120;0.3;0.1;4.943546200492424;60
power;90;120;0.3;0.2;1.8245158144466238;60
power;90;120;0.5;0.1;7.242164282167119;60
power;90;120;0.5;0.2;4.1231338961213195;60
power;90;120;0.8;0.1;9.3570911581374;60
power;90;120;0.8;0.2;6.2380607720916;60
power;90;180;0.3;0.1;4.943546200492424;60
power;90;180;0.3;0.2;1.8245158144466238;60
power;90;180;0.5;0.1;7.242164282167119;60
power;90;180;0.5;0.2;4.1231338961213195;60
power;90;180;0.8;0.1;9.3570911581374;60
power;90;180;0.8;0.2;6.2380607720916;60
power;90;240;0.3;0.1;4.943546200492424;60
power;90;240;0.3;0.2;1.8245158144466238;60
power;90;240;0.5;0.1;7.242164282167119;60
power;90;240;0.5;0.2;4.1231338961213195;60
power;90;240;0.8;0.1;9.3570911581374;60
power;90;240;0.8;0.2;6.2380607720916;60
power;90;300;0.3;0.1;4.943546200492424;60
power;90;300;0.3;0.2;1.8245158144466238;60
power;90;300;0.5;0.1;7.242164282167119;60
power;90;300;0.5;0.2;4.1231338961213195;60
power;90;300;0.8;0.1;9.3570911581374;60
power;90;300;0.8;0.2;6.2380607720916;60
power;90;360;0.3;0.1;4.943546200492424;60
power;90;360;0.3;0.2;1.8245158144466238;60
power;90;360;0.5;0.1;7.242164282167119;60
power;90;360;0.5;0.2;4.1231338961213195;60
power;90;360;0.8;0.1;9.3570911581374;60
power;90;360;0.8;0.2;6.2380607720916;60
power;120;0;0.3;0.1;5.2595972605174595;60
power;120;0;0.3;0.2;1.9411608570540657;60
power;120;0;0.5;0.1;7.705170716298628;60
power;120;0;0.5;0.2;4.386734312835235;60
power;120;0;0.8;0.1;9.955309210390181;60
power;120;0;0.8;0.2;6.636872806926788;60
power;120;5;0.3;0.1;5.2595972605174595;60
power;120;5;0.3;0.2;1.9411608570540657;60
power;120;5;0.5;0.1;7.705170716298628;60
power;120;5;0.5;0.2;4.386734312835235;60
power;120;5;0.8;0.1;9.955309210390181;60
power;120;5;0.8;0.2;6.636872806926788;60
power;120;10;0.3;0.1;5.2595972605174595;60
power;120;10;0.3;0.2;1.9411608570540657;60
power;120;10;0.5;0.1;7.705170716298628;60
power;120;10;0.5;0.2;4.386734312835235;60
power;120;10;0.8;0.1;9.955309210390181;60
power;120;10;0.8;0.2;6.636872806926788;60
power;120;30;0.3;0.1;5.2595972605174595;60
power;120;30;0.3;0.2;1.9411608570540657;60
power;120;30;0.5;0.1;7.705170716298628;60
power;120;30;0.5;0.2;4.386734312835235;60
power;120;30;0.8;0.1;9.955309210390181;60
power;120;30;0.8;0.2;6.636872806926788;60
power;120;60;0.3;0.1;5.2595972605174595;60
power;120;60;0.3;0.2;1.9411608570540657;60
power;120;60;0.5;0.1;7.705170716298628;60
power;120;60;0.5;0.2;4.386734312835235;60
power;120;60;0.8;0.1;9.955309210390181;60
power;120;60;0.8;0.2;6.636872806926788;60
power;120;120;0.3;0.1;5.2595972605174595;60
power;120;120;0.3;0.2;1.9411608570540657;60
power;120;120;0.5;0.1;7.705170716298628;60
power;120;120;0.5;0.2;4.386734312835235;60
power;120;120;0.8;0.1;9.955309210390181;60
power;120;120;0.8;0.2;6.636872806926788;60
power;120;180;0.3;0.1;5.2595972605174595;60
power;120;180;0.3;0.2;1.9411608570540657;60
power;120;180;0.5;0.1;7.705170716298628;60
power;120;180;0.5;0.2;4.386734312835235;60
power;120;180;0.8;0.1;9.955309210390181;60
power;120;180;0.8;0.2;6.636872806926788;60
power;120;240;0.3;0.1;5.2595972605174595;60
power;120;240;0.3;0.2;1.9411608570540657;60
power;120;240;0.5;0.1;7.705170716298628;60
power;120;240;0.5;0.2;4.386734312835235;60
power;120;240;0.8;0.1;9.955309210390181;60
power;120;240;0.8;0.2;6.636872806926788;60
power;120;300;0.3;0.1;5.2595972605174595;60
power;120;300;0.3;0.2;1.9411608570540657;60
power;120;300;0.5;0.1;7.705170716298628;60
power;120;300;0.5;0.2;4.386734312835235;60
power;120;300;0.8;0.1;9.955309210390181;60
power;120;300;0.8;0.2;6.636872806926788;60
power;120;360;0.3;0.1;5.2595972605174595;60
power;120;360;0.3;0.2;1.9411608570540657;60
power;120;360;0.5;0.1;7.705170716298628;60
power;120;360;0.5;0.2;4.386734312835235;60
power;120;360;0.8;0.1;9.955309210390181;60
power;120;360;0.8;0.2;6.636872806926788;60
power;180;0;0.3;0.1;5.705046210911233;60
power;180;0;0.3;0.2;2.105562810947231;60
power;180;0;0.5;0.1;8.357741633457099;60
power;180;0;0.5;0.2;4.758258233493098;60
power;180;0;0.8;0.1;10.798450199892004;60
power;180;0;0.8;0.2;7.198966799928003;60
power;180;5;0.3;0.1;5.705046210911233;60
power;180;5;0.3;0.2;2.105562810947231;60
power;180;5;0.5;0.1;8.357741633457099;60
power;180;5;0.5;0.2;4.758258233493098;60
power;180;5;0.8;0.1;10.798450199892004;60
power;180;5;0.8;0.2;7.198966799928003;60
power;180;10;0.3;0.1;5.705046210911233;60
power;180;10;0.3;0.2;2.105562810947231;60
power;180;10;0.5;0.1;8.357741633457099;60
power;180;10;0.5;0.2;4.758258233493098;60
power;180;10;0.8;0.1;10.798450199892004;60
power;180;10;0.8;0.2;7.198966799928003;60
power;180;30;0.3;0.1;5.705046210911233;60
power;180;30;0.3;0.2;2.105562810947231;60
power;180;30;0.5;0.1;8.357741633457099;60
power;180;30;0.5;0.2;4.758258233493098;60
power;180;30;0.8;0.1;10.798450199892004;60
power;180;30;0.8;0.2;7.198966799928003;60
power;180;60;0.3;0.1;5.705046210911233;60
power;180;60;0.3;0.2;2.105562810947231;60
power;180;60;0.5;0.1;8.357741633457099;60
power;180;60;0.5;0.2;4.758258233493098;60
power;180;60;0.8;0.1;10.798450199892004;60
power;180;60;0.8;0.2;7.198966799928003;60
power;180;120;0.3;0.1;5.705046210911233;60
power;180;120;0.3;0.2;2.105562810947231;60
power;180;120;0.5;0.1;8.357741633457099;60
power;180;120;0.5;0.2;4.758258233493098;60
power;180;120;0.8;0.1;10.798450199892004;60
power;180;120;0.8;0.2;7.198966799928003;60
power;180;180;0.3;0.1;5.705046210911233;60
power;180;180;0.3;0.2;2.105562810947231;60
power;180;180;0.5;0.1;8.357741633457099;60
power;180;180;0.5;0.2;4.758258233493098;60
power;180;180;0.8;0.1;10.798450199892004;60
power;180;180;0.8;0.2;7.198966799928003;60
power;180;240;0.3;0.1;5.705046210911233;60
power;180;240;0.3;0.2;2.105562810947231;60
power;180;240;0.5;0.1;8.357741633457099;60
power;180;240;0.5;0.2;4.758258233493098;60
power;180;240;0.8;0.1;10.798450199892004;60
power;180;240;0.8;0.2;7.198966799928003;60
power;180;300;0.3;0.1;5.705046210911233;60
power;180;300;0.3;0.2;2.105562810947231;60
power;180;300;0.5;0.1;8.357741633457099;60
power;180;300;0.5;0.2;4.758258233493098;60
power;180;300;0.8;0.1;10.798450199892004;60
power;180;300;0.8;0.2;7.198966799928003;60
power;180;360;0.3;0.1;5.705046210911233;60
power;180;360;0.3;0.2;2.105562810947231;60
power;180;360;0.5;0.1;8.357741633457099;60
power;180;360;0.5;0.2;4.758258233493098;60
power;180;360;0.8;0.1;10.798450199892004;60
power;180;360;0.8;0.2;7.198966799928003;60
power;360;0;0.3;0.1;6.466546221330042;60
power;360;0;0.3;0.2;2.386609807447839;60
power;360;0;0.5;0.1;9.473318984747081;60
power;360;0;0.5;0.2;5.393382570864878;60
power;360;0;0.8;0.1;12.239809241646608;60
power;360;0;0.8;0.2;8.159872827764406;60
power;360;5;0.3;0.1;6.466546221330042;60
power;360;5;0.3;0.2;2.386609807447839;60
power;360;5;0.5;0.1;9.473318984747081;60
power;360;5;0.5;0.2;5.393382570864878;60
power;360;5;0.8;0.1;12.239809241646608;60
power;360;5;0.8;0.2;8.159872827764406;60
power;360;10;0.3;0.1;6.466546221330042;60
power;360;10;0.3;0.2;2.386609807447839;60
power;360;10;0.5;0.1;9.473318984747081;60
power;360;10;0.5;0.2;5.393382570864878;60
power;360;10;0.8;0.1;12.239809241646608;60
power;360;10;0.8;0.2;8.159872827764406;60
power;360;30;0.3;0.1;6.466546221330042;60
power;360;30;0.3;0.2;2.386609807447839;60
power;360;30;0.5;0.1;9.473318984747081;60
power;360;30;0.5;0.2;5.393382570864878;60
power;360;30;0.8;0.1;12.239809241646608;60
power;360;30;0.8;0.2;8.159872827764406;60
power;360;60;0.3;0.1;6.466546221330042;60
power;360;60;0.3;0.2;2.386609807447839;60
power;360;60;0.5;0.1;9.473318984747081;60
power;360;60;0.5;0.2;5.393382570864878;60
power;360;60;0.8;0.1;12.239809241646608;60
power;360;60;0.8;0.2;8.159872827764406;60
power;360;120;0.3;0.1;6.466546221330042;60
power;360;120;0.3;0.2;2.386609807447839;60
power;360;120;0.5;0.1;9.473318984747081;60
power;360;120;0.5;0.2;5.393382570864878;60
power;360;120;0.8;0.1;12.239809241646608;60
power;360;120;0.8;0.2;8.159872827764406;60
power;360;180;0.3;0.1;6.466546221330042;60
power;360;180;0.3;0.2;2.386609807447839;60
power;360;180;0.5;0.1;9.473318984747081;60
power;360;180;0.5;0.2;5.393382570864878;60
power;360;180;0.8;0.1;12.239809241646608;60
power;360;180;0.8;0.2;8.159872827764406;60
power;360;240;0.3;0.1;6.466546221330042;60
power;360;240;0.3;0.2;2.386609807447839;60
power;360;240;0.5;0.1;9.473318984747081;60
power;360;240;0.5;0.2;5.393382570864878;60
power;360;240;0.8;0.1;12.239809241646608;60
power;360;240;0.8;0.2;8.159872827764406;60
power;360;300;0.3;0.1;6.466546221330042;60
power;360;300;0.3;0.2;2.386609807447839;60
power;360;300;0.5;0.1;9.473318984747081;60
power;360;300;0.5;0.2;5.393382570864878;60
power;360;300;0.8;0.1;12.239809241646608;60
power;360;300;0.8;0.2;8.159872827764406;60
power;360;360;0.3;0.1;6.466546221330042;60
power;360;360;0.3;0.2;2.386609807447839;60
power;360;360;0.5;0.1;9.473318984747081;60
power;360;360;0.5;0.2;5.393382570864878;60
power;360;360;0.8;0.1;12.239809241646608;60
power;360;360;0.8;0.2;8.159872827764406;60
power;720;0;0.3;0.1;7.228046231748851;60
power;720;0;0.3;0.2;2.667656803948446;60
power;720;0;0.5;0.1;10.588896336037061;60
power;720;0;0.5;0.2;6.028506908236658;60
power;720;0;0.8;0.1;13.681168283401213;60
power;720;0;0.8;0.2;9.12077885560081;60
power;720;5;0.3;0.1;7.228046231748851;60
power;720;5;0.3;0.2;2.667656803948446;60
power;720;5;0.5;0.1;10.588896336037061;60
power;720;5;0.5;0.2;6.028506908236658;60
power;720;5;0.8;0.1;13.681168283401213;60
power;720;5;0.8;0.2;9.12077885560081;60
power;720;10;0.3;0.1;7.228046231748851;60
power;720;10;0.3;0.2;2.667656803948446;60
power;720;10;0.5;0.1;10.588896336037061;60
power;720;10;0.5;0.2;6.028506908236658;60
power;720;10;0.8;0.1;13.681168283401213;60
power;720;10;0.8;0.2;9.12077885560081;60
power;720;30;0.3;0.1;7.228046231748851;60
power;720;30;0.3;0.2;2.667656803948446;60
power;720;30;0.5;0.1;10.588896336037061;60
power;720;30;0.5;0.2;6.028506908236658;60
power;720;30;0.8;0.1;13.681168283401213;60
power;720;30;0.8;0.2;9.12077885560081;60
power;720;60;0.3;0.1;7.228046231748851;60
power;720;60;0.3;0.2;2.667656803948446;60
power;720;60;0.5;0.1;10.588896336037061;60
power;720;60;0.5;0.2;6.028506908236658;60
power;720;60;0.8;0.1;13.681168283401213;60
power;720;60;0.8;0.2;9.12077885560081;60
power;720;120;0.3;0.1;7.228046231748851;60
power;720;120;0.3;0.2;2.667656803948446;60
power;720;120;0.5;0.1;10.588896336037061;60
power;720;120;0.5;0.2;6.028506908236658;60
power;720;120;0.8;0.1;13.681168283401213;60
power;720;120;0.8;0.2;9.12077885560081;60
power;720;180;0.3;0.1;7.228046231748851;60
power;720;180;0.3;0.2;2.667656803948446;60
power;720;180;0.5;0.1;10.588896336037061;60
power;720;180;0.5;0.2;6.028506908236658;60
power;720;180;0.8;0.1;13.681168283401213;60
power;720;180;0.8;0.2;9.12077885560081;60
power;720;240;0.3;0.1;7.228046231748851;60
power;720;240;0.3;0.2;2.667656803948446;60
power;720;240;0.5;0.1;10.588896336037061;60
power;720;240;0.5;0.2;6.028506908236658;60
power;720;240;0.8;0.1;13.681168283401213;60
power;720;240;0.8;0.2;9.12077885560081;60
power;720;300;0.3;0.1;7.228046231748851;60
power;720;300;0.3;0.2;2.667656803948446;60
power;720;300;0.5;0.1;10.588896336037061;60
power;720;300;0.5;0.2;6.028506908236658;60
power;720;300;0.8;0.1;13.681168283401213;60
power;720;300;0.8;0.2;9.12077885560081;60
power;720;360;0.3;0.1;7.228046231748851;60
power;720;360;0.3;0.2;2.667656803948446;60
power;720;360;0.5;0.1;10.588896336037061;60
power;720;360;0.5;0.2;6.028506908236658;60
power;720;360;0.8;0.1;13.681168283401213;60
power;720;360;0.8;0.2;9.12077885560081;60
power;1440;0;0.3;0.1;7.98954624216766;60
power;1440;0;0.3;0.2;2.948703800449054;60
power;1440;0;0.5;0.1;11.704473687327042;60
power;1440;0;0.5;0.2;6.663631245608437;60
power;1440;0;0.8;0.1;15.122527325155817;60
power;1440;0;0.8;0.2;10.081684883437212;60
power;1440;5;0.3;0.1;7.98954624216766;60
power;1440;5;0.3;0.2;2.948703800449054;60
power;1440;5;0.5;0.1;11.704473687327042;60
power;1440;5;0.5;0.2;6.663631245608437;60
power;1440;5;0.8;0.1;15.122527325155817;60
power;1440;5;0.8;0.2;10.081684883437212;60
power;1440;10;0.3;0.1;7.98954624216766;60
power;1440;10;0.3;0.2;2.948703800449054;60
power;1440;10;0.5;0.1;11.704473687327042;60
power;1440;10;0.5;0.2;6.663631245608437;60
power;1440;10;0.8;0.1;15.122527325155817;60
power;1440;10;0.8;0.2;10.081684883437212;60
power;1440;30;0.3;0.1;7.98954624216766;60
power;1440;30;0.3;0.2;2.948703800449054;60
power;1440;30;0.5;0.1;11.704473687327042;60
power;1440;30;0.5;0.2;6.663631245608437;60
power;1440;30;0.8;0.1;15.122527325155817;60
power;1440;30;0.8;0.2;10.081684883437212;60
power;1440;60;0.3;0.1;7.98954624216766;60
power;1440;60;0.3;0.2;2.948703800449054;60
power;1440;60;0.5;0.1;11.704473687327042;60
power;1440;60;0.5;0.2;6.663631245608437;60
power;1440;60;0.8;0.1;15.122527325155817;60
power;1440;60;0.8;0.2;10.081684883437212;60
power;1440;120;0.3;0.1;7.98954624216766;60
power;1440;120;0.3;0.2;2.948703800449054;60
power;1440;120;0.5;0.1;11.704473687327042;60
power;1440;120;0.5;0.2;6.663631245608437;60
power;1440;120;0.8;0.1;15.122527325155817;60
power;1440;120;0.8;0.2;10.081684883437212;60
power;1440;180;0.3;0.1;7.98954624216766;60
power;1440;180;0.3;0.2;2.948703800449054;60
power;1440;180;0.5;0.1;11.704473687327042;60
power;1440;180;0.5;0.2;6.663631245608437;60
power;1440;180;0.8;0.1;15.122527325155817;60
power;1440;180;0.8;0.2;10.081684883437212;60
power;1440;240;0.3;0.1;7.98954624216766;60
power;1440;240;0.3;0.2;2.948703800449054;60
power;1440;240;0.5;0.1;11.704473687327042;60
power;1440;240;0.5;0.2;6.663631245608437;60
power;1440;240;0.8;0.1;15.122527325155817;60
power;1440;240;0.8;0.2;10.081684883437212;60
power;1440;300;0.3;0.1;7.98954624216766;60
power;1440;300;0.3;0.2;2.948703800449054;60
power;1440;300;0.5;0.1;11.704473687327042;60
power;1440;300;0.5;0.2;6.663631245608437;60
power;1440;300;0.8;0.1;15.122527325155817;60
power;1440;300;0.8;0.2;10.081684883437212;60
power;1440;360;0.3;0.1;7.98954624216766;60
power;1440;360;0.3;0.2;2.948703800449054;60
power;1440;360;0.5;0.1;11.704473687327042;60
power;1440;360;0.5;0.2;6.663631245608437;60
power;1440;360;0.8;0.1;15.122527325155817;60
power;1440;360;0.8;0.2;10.081684883437212;60
power;2880;0;0.3;0.1;8.75104625258647;60
power;2880;0;0.3;0.2;3.229750796949661;60
power;2880;0;0.5;0.1;12.820051038617024;60
power;2880;0;0.5;0.2;7.298755582980217;60
power;2880;0;0.8;0.1;16.56388636691042;60
power;2880;0;0.8;0.2;11.042590911273615;60
power;2880;5;0.3;0.1;8.75104625258647;60
power;2880;5;0.3;0.2;3.229750796949661;60
power;2880;5;0.5;0.1;12.820051038617024;60
power;2880;5;0.5;0.2;7.298755582980217;60
power;2880;5;0.8;0.1;16.56388636691042;60
power;2880;5;0.8;0.2;11.042590911273615;60
power;2880;10;0.3;0.1;8.75104625258647;60
power;2880;10;0.3;0.2;3.229750796949661;60
power;2880;10;0.5;0.1;12.820051038617024;60
power;2880;10;0.5;0.2;7.298755582980217;60
power;2880;10;0.8;0.1;16.56388636691042;60
power;2880;10;0.8;0.2;11.042590911273615;60
power;2880;30;0.3;0.1;8.75104625258647;60
power;2880;30;0.3;0.2;3.229750796949661;60
power;2880;30;0.5;0.1;12.820051038617024;60
power;2880;30;0.5;0.2;7.298755582980217;60
power;2880;30;0.8;0.1;16.56388636691042;60
power;2880;30;0.8;0.2;11.042590911273615;60
power;2880;60;0.3;0.1;8.75104625258647;60
power;2880;60;0.3;0.2;3.229750796949661;60
power;2880;60;0.5;0.1;12.820051038617024;60
power;2880;60;0.5;0.2;7.298755582980217;60
power;2880;60;0.8;0.1;16.56388636691042;60
power;2880;60;0.8;0.2;11.042590911273615;60
power;2880;120;0.3;0.1;8.75104625258647;60
power;2880;120;0.3;0.2;3.229750796949661;60
power;2880;120;0.5;0.1;12.820051038617024;60
power;2880;120;0.5;0.2;7.298755582980217;60
power;2880;120;0.8;0.1;16.56388636691042;60
power;2880;120;0.8;0.2;11.042590911273615;60
power;2880;180;0.3;0.1;8.75104625258647;60
power;2880;180;0.3;0.2;3.229750796949661;60
power;2880;180;0.5;0.1;12.820051038617024;60
power;2880;180;0.5;0.2;7.298755582980217;60
power;2880;180;0.8;0.1;16.56388636691042;60
power;2880;180;0.8;0.2;11.042590911273615;60
power;2880;240;0.3;0.1;8.75104625258647;60
power;2880;240;0.3;0.2;3.229750796949661;60
power;2880;240;0.5;0.1;12.820051038617024;60
power;2880;240;0.5;0.2;7.298755582980217;60
power;2880;240;0.8;0.1;16.56388636691042;60
power;2880;240;0.8;0.2;11.042590911273615;60
power;2880;300;0.3;0.1;8.75104625258647;60
power;2880;300;0.3;0.2;3.229750796949661;60
power;2880;300;0.5;0.1;12.820051038617024;60
power;2880;300;0.5;0.2;7.298755582980217;60
power;2880;300;0.8;0.1;16.56388636691042;60
power;2880;300;0.8;0.2;11.042590911273615;60
power;2880;360;0.3;0.1;8.75104625258647;60
power;2880;360;0.3;0.2;3.229750796949661;60
power;2880;360;0.5;0.1;12.820051038617024;60
power;2880;360;0.5;0.2;7.298755582980217;60
power;2880;360;0.8;0.1;16.56388636691042;60
power;2880;360;0.8;0.2;11.042590911273615;60
linear;30;0;0.3;0.1;0.006666666666666666;60
linear;30;0;0.3;0.2;0.0033333333333333327;60
linear;30;0;0.5;0.1;0.013333333333333334;60
linear;30;0;0.5;0.2;0.01;60
linear;30;0;0.8;0.1;0.023333333333333334;60
linear;30;0;0.8;0.2;0.020000000000000004;60
linear;30;5;0.3;0.1;0.006666666666666666;60
linear;30;5;0.3;0.2;0.0033333333333333327;60
linear;30;5;0.5;0.1;0.013333333333333334;60
linear;30;5;0.5;0.2;0.01;60
linear;30;5;0.8;0.1;0.023333333333333334;60
linear;30;5;0.8;0.2;0.020000000000000004;60
linear;30;10;0.3;0.1;0.006666666666666666;60
linear;30;10;0.3;0.2;0.0033333333333333327;60
linear;30;10;0.5;0.1;0.013333333333333334;60
linear;30;10;0.5;0.2;0.01;60
linear;30;10;0.8;0.1;0.023333333333333334;60
linear;30;10;0.8;0.2;0.020000000000000004;60
linear;30;30;0.3;0.1;0.006666666666666666;60
linear;30;30;0.3;0.2;0.0033333333333333327;60
linear;30;30;0.5;0.1;0.013333333333333334;60
linear;30;30;0.5;0.2;0.01;60
linear;30;30;0.8;0.1;0.023333333333333334;60
linear;30;30;0.8;0.2;0.020000000000000004;60
linear;30;60;0.3;0.1;0.006666666666666666;60
linear;30;60;0.3;0.2;0.0033333333333333327;60
linear;30;60;0.5;0.1;0.013333333333333334;60
linear;30;60;0.5;0.2;0.01;60
linear;30;60;0.8;0.1;0.023333333333333334;60
linear;30;60;0.8;0.2;0.020000000000000004;60
linear;30;120;0.3;0.1;0.006666666666666666;60
linear;30;120;0.3;0.2;0.0033333333333333327;60
linear;30;120;0.5;0.1;0.013333333333333334;60
linear;30;120;0.5;0.2;0.01;60
linear;30;120;0.8;0.1;0.023333333333333334;60
linear;30;120;0.8;0.2;0.020000000000000004;60
linear;30;180;0.3;0.1;0.006666666666666666;60
linear;30;180;0.3;0.2;0.0033333333333333327;60
linear;30;180;0.5;0.1;0.013333333333333334;60
linear;30;180;0.5;0.2;0.01;60
linear;30;180;0.8;0.1;0.023333333333333334;60
linear;30;180;0.8;0.2;0.020000000000000004;60
linear;30;240;0.3;0.1;0.006666666666666666;60
linear;30;240;0.3;0.2;0.0033333333333333327;60
linear;30;240;0.5;0.1;0.013333333333333334;60
linear;30;240;0.5;0.2;0.01;60
linear;30;240;0.8;0.1;0.023333333333333334;60
linear;30;240;0.8;0.2;0.020000000000000004;60
linear;30;300;0.3;0.1;0.006666666666666666;60
linear;30;300;0.3;0.2;0.0033333333333333327;60
linear;30;300;0.5;0.1;0.013333333333333334;60
linear;30;300;0.5;0.2;0.01;60
linear;30;300;0.8;0.1;0.023333333333333334;60
linear;30;300;0.8;0.2;0.020000000000000004;60
linear;30;360;0.3;0.1;0.006666666666666666;60
linear;30;360;0.3;0.2;0.0033333333333333327;60
linear;30;360;0.5;0.1;0.013333333333333334;60
linear;30;360;0.5;0.2;0.01;60
linear;30;360;0.8;0.1;0.023333333333333334;60
linear;30;360;0.8;0.2;0.020000000000000004;60
linear;60;0;0.3;0.1;0.003333333333333333;60
linear;60;0;0.3;0.2;0.0016666666666666663;60
linear;60;0;0.5;0.1;0.006666666666666667;60
linear;60;0;0.5;0.2;0.005;60
linear;60;0;0.8;0.1;0.011666666666666667;60
linear;60;0;0.8;0.2;0.010000000000000002;60
linear;60;5;0.3;0.1;0.003333333333333333;60
linear;60;5;0.3;0.2;0.0016666666666666663;60
linear;60;5;0.5;0.1;0.006666666666666667;60
linear;60;5;0.5;0.2;0.005;60
linear;60;5;0.8;0.1;0.011666666666666667;60
linear;60;5;0.8;0.2;0.010000000000000002;60
linear;60;10;0.3;0.1;0.003333333333333333;60
linear;60;10;0.3;0.2;0.0016666666666666663;60
linear;60;10;0.5;0.1;0.006666666666666667;60
linear;60;10;0.5;0.2;0.005;60
linear;60;10;0.8;0.1;0.011666666666666667;60
linear;60;10;0.8;0.2;0.010000000000000002;60
linear;60;30;0.3;0.1;0.003333333333333333;60
linear;60;30;0.3;0.2;0.0016666666666666663;60
linear;60;30;0.5;0.1;0.006666666666666667;60
linear;60;30;0.5;0.2;0.005;60
linear;60;30;0.8;0.1;0.011666666666666667;60
linear;60;30;0.8;0.2;0.010000000000000002;60
linear;60;60;0.3;0.1;0.003333333333333333;60
linear;60;60;0.3;0.2;0.0016666666666666663;60
linear;60;60;0.5;0.1;0.006666666666666667;60
linear;60;60;0.5;0.2;0.005;60
linear;60;60;0.8;0.1;0.011666666666666667;60
linear;60;60;0.8;0.2;0.010000000000000002;60
linear;60;120;0.3;0.1;0.003333333333333333;60
linear;60;120;0.3;0.2;0.0016666666666666663;60
linear;60;120;0.5;0.1;0.006666666666666667;60
linear;60;120;0.5;0.2;0.005;60
linear;60;120;0.8;0.1;0.011666666666666667;60
linear;60;120;0.8;0.2;0.010000000000000002;60
linear;60;180;0.3;0.1;0.003333333333333333;60
linear;60;180;0.3;0.2;0.0016666666666666663;60
linear;60;180;0.5;0.1;0.006666666666666667;60
linear;60;180;0.5;0.2;0.005;60
linear;60;180;0.8;0.1;0.011666666666666667;60
linear;60;180;0.8;0.2;0.010000000000000002;60
linear;60;240;0.3;0.1;0.003333333333333333;60
linear;60;240;0.3;0.2;0.0016666666666666663;60
linear;60;240;0.5;0.1;0.006666666666666667;60
linear;60;240;0.5;0.2;0.005;60
linear;60;240;0.8;0.1;0.011666666666666667;60
linear;60;240;0.8;0.2;0.010000000000000002;60
linear;60;300;0.3;0.1;0.003333333333333333;60
linear;60;300;0.3;0.2;0.0016666666666666663;60
linear;60;300;0.5;0.1;0.006666666666666667;60
linear;60;300;0.5;0.2;0.005;60
linear;60;300;0.8;0.1;0.011666666666666667;60
linear;60;300;0.8;0.2;0.010000000000000002;60
linear;60;360;0.3;0.1;0.003333333333333333;60
linear;60;360;0.3;0.2;0.0016666666666666663;60
linear;60;360;0.5;0.1;0.006666666666666667;60
linear;60;360;0.5;0.2;0.005;60
linear;60;360;0.8;0.1;0.011666666666666667;60
linear;60;360;0.8;0.2;0.010000000000000002;60
linear;90;0;0.3;0.1;0.0022222222222222222;60
linear;90;0;0.3;0.2;0.001111111111111111;60
linear;90;0;0.5;0.1;0.0044444444444444444;60
linear;90;0;0.5;0.2;0.0033333333333333335;60
linear;90;0;0.8;0.1;0.007777777777777778;60
linear;90;0;0.8;0.2;0.006666666666666668;60
linear;90;5;0.3;0.1;0.0022222222222222222;60
linear;90;5;0.3;0.2;0.001111111111111111;60
linear;90;5;0.5;0.1;0.0044444444444444444;60
linear;90;5;0.5;0.2;0.0033333333333333335;60
linear;90;5;0.8;0.1;0.007777777777777778;60
linear;90;5;0.8;0.2;0.006666666666666668;60
linear;90;10;0.3;0.1;0.0022222222222222222;60
linear;90;10;0.3;0.2;0.001111111111111111;60
linear;90;10;0.5;0.1;0.0044444444444444444;60
linear;90;10;0.5;0.2;0.0033333333333333335;60
linear;90;10;0.8;0.1;0.007777777777777778;60
linear;90;10;0.8;0.2;0.006666666666666668;60
linear;90;30;0.3;0.1;0.0022222222222222222;60
linear;90;30;0.3;0.2;0.001111111111111111;60
linear;90;30;0.5;0.1;0.0044444444444444444;60
linear;90;30;0.5;0.2;0.0033333333333333335;60
linear;90;30;0.8;0.1;0.007777777777777778;60
linear;90;30;0.8;0.2;0.006666666666666668;60
linear;90;60;0.3;0.1;0.0022222222222222222;60
linear;90;60;0.3;0.2;0.001111111111111111;60
linear;90;60;0.5;0.1;0.0044444444444444444;60
linear;90;60;0.5;0.2;0.0033333333333333335;60
linear;90;60;0.8;0.1;0.007777777777777778;60
linear;90;60;0.8;0.2;0.006666666666666668;60
linear;90;120;0.3;0.1;0.0022222222222222222;60
linear;90;120;0.3;0.2;0.001111111111111111;60
linear;90;120;0.5;0.1;0.0044444444444444444;60
linear;90;120;0.5;0.2;0.0033333333333333335;60
linear;90;120;0.8;0.1;0.007777777777777778;60
linear;90;120;0.8;0.2;0.006666666666666668;60
linear;90;180;0.3;0.1;0.0022222222222222222;60
linear;90;180;0.3;0.2;0.001111111111111111;60
linear;90;180;0.5;0.1;0.0044444444444444444;60
linear;90;180;0.5;0.2;0.0033333333333333335;60
linear;90;180;0.8;0.1;0.007777777777777778;60
linear;90;180;0.8;0.2;0.006666666666666668;60
linear;90;240;0.3;0.1;0.0022222222222222222;60
linear;90;240;0.3;0.2;0.001111111111111111;60
linear;90;240;0.5;0.1;0.0044444444444444444;60
linear;90;240;0.5;0.2;0.0033333333333333335;60
linear;90;240;0.8;0.1;0.007777777777777778;60
linear;90;240;0.8;0.2;0.006666666666666668;60
linear;90;300;0.3;0.1;0.0022222222222222222;60
linear;90;300;0.3;0.2;0.001111111111111111;60
linear;90;300;0.5;0.1;0.0044444444444444444;60
linear;90;300;0.5;0.2;0.0033333333333333335;60
linear;90;300;0.8;0.1;0.007777777777777778;60
linear;90;300;0.8;0.2;0.006666666666666668;60
linear;90;360;0.3;0.1;0.0022222222222222222;60
linear;90;360;0.3;0.2;0.001111111111111111;60
linear;90;360;0.5;0.1;0.0044444444444444444;60
linear;90;360;0.5;0.2;0.0033333333333333335;60
linear;90;360;0.8;0.1;0.007777777777777778;60
linear;90;360;0.8;0.2;0.006666666666666668;60
linear;120;0;0.3;0.1;0.0016666666666666666;60
linear;120;0;0.3;0.2;0.0008333333333333332;60
linear;120;0;0.5;0.1;0.0033333333333333335;60
linear;120;0;0.5;0.2;0.0025;60
linear;120;0;0.8;0.1;0.005833333333333334;60
linear;120;0;0.8;0.2;0.005000000000000001;60
linear;120;5;0.3;0.1;0.0016666666666666666;60
linear;120;5;0.3;0.2;0.0008333333333333332;60
linear;120;5;0.5;0.1;0.0033333333333333335;60
linear;120;5;0.5;0.2;0.0025;60
linear;120;5;0.8;0.1;0.005833333333333334;60
linear;120;5;0.8;0.2;0.005000000000000001;60
linear;120;10;0.3;0.1;0.0016666666666666666;60
linear;120;10;0.3;0.2;0.0008333333333333332;60
linear;120;10;0.5;0.1;0.0033333333333333335;60
linear;120;10;0.5;0.2;0.0025;60
linear;120;10;0.8;0.1;0.005833333333333334;60
linear;120;10;0.8;0.2;0.005000000000000001;60
linear;120;30;0.3;0.1;0.0016666666666666666;60
linear;120;30;0.3;0.2;0.0008333333333333332;60
linear;120;30;0.5;0.1;0.0033333333333333335;60
linear;120;30;0.5;0.2;0.0025;60
linear;120;30;0.8;0.1;0.005833333333333334;60
linear;120;30;0.8;0.2;0.005000000000000001;60
linear;120;60;0.3;0.1;0.0016666666666666666;60
linear;120;60;0.3;0.2;0.0008333333333333332;60
linear;120;60;0.5;0.1;0.0033333333333333335;60
linear;120;60;0.5;0.2;0.0025;60
linear;120;60;0.8;0.1;0.005833333333333334;60
linear;120;60;0.8;0.2;0.005000000000000001;60
linear;120;120;0.3;0.1;0.0016666666666666666;60
linear;120;120;0.3;0.2;0.0008333333333333332;60
linear;120;120;0.5;0.1;0.0033333333333333335;60
linear;120;120;0.5;0.2;0.0025;60
linear;120;120;0.8;0.1;0.005833333333333334;60
linear;120;120;0.8;0.2;0.005000000000000001;60
linear;120;180;0.3;0.1;0.0016666666666666666;60
linear;120;180;0.3;0.2;0.0008333333333333332;60
linear;120;180;0.5;0.1;0.0033333333333333335;60
linear;120;180;0.5;0.2;0.0025;60
linear;120;180;0.8;0.1;0.005833333333333334;60
linear;120;180;0.8;0.2;0.005000000000000001;60
linear;120;240;0.3;0.1;0.0016666666666666666;60
linear;120;240;0.3;0.2;0.0008333333333333332;60
linear;120;240;0.5;0.1;0.0033333333333333335;60
linear;120;240;0.5;0.2;0.0025;60
linear;120;240;0.8;0.1;0.005833333333333334;60
linear;120;240;0.8;0.2;0.005000000000000001;60
linear;120;300;0.3;0.1;0.0016666666666666666;60
linear;120;300;0.3;0.2;0.0008333333333333332;60
linear;120;300;0.5;0.1;0.0033333333333333335;60
linear;120;300;0.5;0.2;0.0025;60
linear;120;300;0.8;0.1;0.005833333333333334;60
linear;120;300;0.8;0.2;0.005000000000000001;60
linear;120;360;0.3;0.1;0.0016666666666666666;60
linear;120;360;0.3;0.2;0.0008333333333333332;60
linear;120;360;0.5;0.1;0.0033333333333333335;60
linear;120;360;0.5;0.2;0.0025;60
linear;120;360;0.8;0.1;0.005833333333333334;60
linear;120;360;0.8;0.2;0.005000000000000001;60
linear;180;0;0.3;0.1;0.0011111111111111111;60
linear;180;0;0.3;0.2;0.0005555555555555554;60
linear;180;0;0.5;0.1;0.0022222222222222222;60
linear;180;0;0.5;0.2;0.0016666666666666668;60
linear;180;0;0.8;0.1;0.003888888888888889;60
linear;180;0;0.8;0.2;0.003333333333333334;60
linear;180;5;0.3;0.1;0.0011111111111111111;60
linear;180;5;0.3;0.2;0.0005555555555555554;60
linear;180;5;0.5;0.1;0.0022222222222222222;60
linear;180;5;0.5;0.2;0.0016666666666666668;60
linear;180;5;0.8;0.1;0.003888888888888889;60
linear;180;5;0.8;0.2;0.003333333333333334;60
linear;180;10;0.3;0.1;0.0011111111111111111;60
linear;180;10;0.3;0.2;0.0005555555555555554;60
linear;180;10;0.5;0.1;0.0022222222222222222;60
linear;180;10;0.5;0.2;0.0016666666666666668;60
linear;180;10;0.8;0.1;0.003888888888888889;60
linear;180;10;0.8;0.2;0.003333333333333334;60
linear;180;30;0.3;0.1;0.0011111111111111111;60
linear;180;30;0.3;0.2;0.0005555555555555554;60
linear;180;30;0.5;0.1;0.0022222222222222222;60
linear;180;30;0.5;0.2;0.0016666666666666668;60
linear;180;30;0.8;0.1;0.003888888888888889;60
linear;180;30;0.8;0.2;0.003333333333333334;60
linear;180;60;0.3;0.1;0.0011111111111111111;60
linear;180;60;0.3;0.2;0.0005555555555555554;60
linear;180;60;0.5;0.1;0.0022222222222222222;60
linear;180;60;0.5;0.2;0.0016666666666666668;60
linear;180;60;0.8;0.1;0.003888888888888889;60
linear;180;60;0.8;0.2;0.003333333333333334;60
linear;180;120;0.3;0.1;0.0011111111111111111;60
linear;180;120;0.3;0.2;0.0005555555555555554;60
linear;180;120;0.5;0.1;0.0022222222222222222;60
linear;180;120;0.5;0.2;0.0016666666666666668;60
linear;180;120;0.8;0.1;0.003888888888888889;60
linear;180;120;0.8;0.2;0.003333333333333334;60
linear;180;180;0.3;0.1;0.0011111111111111111;60
linear;180;180;0.3;0.2;0.0005555555555555554;60
linear;180;180;0.5;0.1;0.0022222222222222222;60
linear;180;180;0.5;0.2;0.0016666666666666668;60
linear;180;180;0.8;0.1;0.003888888888888889;60
linear;180;180;0.8;0.2;0.003333333333333334;60
linear;180;240;0.3;0.1;0.0011111111111111111;60
linear;180;240;0.3;0.2;0.0005555555555555554;60
linear;180;240;0.5;0.1;0.0022222222222222222;60
linear;180;240;0.5;0.2;0.0016666666666666668;60
linear;180;240;0.8;0.1;0.003888888888888889;60
linear;180;240;0.8;0.2;0.003333333333333334;60
linear;180;300;0.3;0.1;0.0011111111111111111;60
linear;180;300;0.3;0.2;0.0005555555555555554;60
linear;180;300;0.5;0.1;0.0022222222222222222;60
linear;180;300;0.5;0.2;0.0016666666666666668;60
linear;180;300;0.8;0.1;0.003888888888888889;60
linear;180;300;0.8;0.2;0.003333333333333334;60
linear;180;360;0.3;0.1;0.0011111111111111111;60
linear;180;360;0.3;0.2;0.0005555555555555554;60
linear;180;360;0.5;0.1;0.0022222222222222222;60
linear;180;360;0.5;0.2;0.0016666666666666668;60
linear;180;360;0.8;0.1;0.003888888888888889;60
linear;180;360;0.8;0.2;0.003333333333333334;60
linear;360;0;0.3;0.1;0.0005555555555555556;60
linear;360;0;0.3;0.2;0.0002777777777777777;60
linear;360;0;0.5;0.1;0.0011111111111111111;60
linear;360;0;0.5;0.2;0.0008333333333333334;60
linear;360;0;0.8;0.1;0.0019444444444444446;60
linear;360;0;0.8;0.2;0.001666666666666667;60
linear;360;5;0.3;0.1;0.0005555555555555556;60
linear;360;5;0.3;0.2;0.0002777777777777777;60
linear;360;5;0.5;0.1;0.0011111111111111111;60
linear;360;5;0.5;0.2;0.0008333333333333334;60
linear;360;5;0.8;0.1;0.0019444444444444446;60
linear;360;5;0.8;0.2;0.001666666666666667;60
linear;360;10;0.3;0.1;0.0005555555555555556;60
linear;360;10;0.3;0.2;0.0002777777777777777;60
linear;360;10;0.5;0.1;0.0011111111111111111;60
linear;360;10;0.5;0.2;0.0008333333333333334;60
linear;360;10;0.8;0.1;0.0019444444444444446;60
linear;360;10;0.8;0.2;0.001666666666666667;60
linear;360;30;0.3;0.1;0.0005555555555555556;60
linear;360;30;0.3;0.2;0.0002777777777777777;60
linear;360;30;0.5;0.1;0.0011111111111111111;60
linear;360;30;0.5;0.2;0.0008333333333333334;60
linear;360;30;0.8;0.1;0.0019444444444444446;60
linear;360;30;0.8;0.2;0.001666666666666667;60
linear;360;60;0.3;0.1;0.0005555555555555556;60
linear;360;60;0.3;0.2;0.0002777777777777777;60
linear;360;60;0.5;0.1;0.0011111111111111111;60
linear;360;60;0.5;0.2;0.0008333333333333334;60
linear;360;60;0.8;0.1;0.0019444444444444446;60
linear;360;60;0.8;0.2;0.001666666666666667;60
linear;360;120;0.3;0.1;0.0005555555555555556;60
linear;360;120;0.3;0.2;0.0002777777777777777;60
linear;360;120;0.5;0.1;0.0011111111111111111;60
linear;360;120;0.5;0.2;0.0008333333333333334;60
linear;360;120;0.8;0.1;0.0019444444444444446;60
linear;360;120;0.8;0.2;0.001666666666666667;60
linear;360;180;0.3;0.1;0.0005555555555555556;60
linear;360;180;0.3;0.2;0.0002777777777777777;60
linear;360;180;0.5;0.1;0.0011111111111111111;60
linear;360;180;0.5;0.2;0.0008333333333333334;60
linear;360;180;0.8;0.1;0.0019444444444444446;60
linear;360;180;0.8;0.2;0.001666666666666667;60
linear;360;240;0.3;0.1;0.0005555555555555556;60
linear;360;240;0.3;0.2;0.0002777777777777777;60
linear;360;240;0.5;0.1;0.0011111111111111111;60
linear;360;240;0.5;0.2;0.0008333333333333334;60
linear;360;240;0.8;0.1;0.0019444444444444446;60
linear;360;240;0.8;0.2;0.001666666666666667;60
linear;360;300;0.3;0.1;0.0005555555555555556;60
linear;360;300;0.3;0.2;0.0002777777777777777;60
linear;360;300;0.5;0.1;0.0011111111111111111;60
linear;360;300;0.5;0.2;0.0008333333333333334;60
linear;360;300;0.8;0.1;0.0019444444444444446;60
linear;360;300;0.8;0.2;0.001666666666666667;60
linear;360;360;0.3;0.1;0.0005555555555555556;60
linear;360;360;0.3;0.2;0.0002777777777777777;60
linear;360;360;0.5;0.1;0.0011111111111111111;60
linear;360;360;0.5;0.2;0.0008333333333333334;60
linear;360;360;0.8;0.1;0.0019444444444444446;60
linear;360;360;0.8;0.2;0.001666666666666667;60
linear;720;0;0.3;0.1;0.0002777777777777778;60
linear;720;0;0.3;0.2;0.00013888888888888886;60
linear;720;0;0.5;0.1;0.0005555555555555556;60
linear;720;0;0.5;0.2;0.0004166666666666667;60
linear;720;0;0.8;0.1;0.0009722222222222223;60
linear;720;0;0.8;0.2;0.0008333333333333335;60
linear;720;5;0.3;0.1;0.0002777777777777778;60
linear;720;5;0.3;0.2;0.00013888888888888886;60
linear;720;5;0.5;0.1;0.0005555555555555556;60
linear;720;5;0.5;0.2;0.0004166666666666667;60
linear;720;5;0.8;0.1;0.0009722222222222223;60
linear;720;5;0.8;0.2;0.0008333333333333335;60
linear;720;10;0.3;0.1;0.0002777777777777778;60
linear;720;10;0.3;0.2;0.00013888888888888886;60
linear;720;10;0.5;0.1;0.0005555555555555556;60
linear;720;10;0.5;0.2;0.0004166666666666667;60
linear;720;10;0.8;0.1;0.0009722222222222223;60
linear;720;10;0.8;0.2;0.0008333333333333335;60
linear;720;30;0.3;0.1;0.0002777777777777778;60
linear;720;30;0.3;0.2;0.00013888888888888886;60
linear;720;30;0.5;0.1;0.0005555555555555556;60
linear;720;30;0.5;0.2;0.0004166666666666667;60
linear;720;30;0.8;0.1;0.0009722222222222223;60
linear;720;30;0.8;0.2;0.0008333333333333335;60
linear;720;60;0.3;0.1;0.0002777777777777778;60
linear;720;60;0.3;0.2;0.00013888888888888886;60
linear;720;60;0.5;0.1;0.0005555555555555556;60
linear;720;60;0.5;0.2;0.0004166666666666667;60
linear;720;60;0.8;0.1;0.0009722222222222223;60
linear;720;60;0.8;0.2;0.0008333333333333335;60
linear;720;120;0.3;0.1;0.0002777777777777778;60
linear;720;120;0.3;0.2;0.00013888888888888886;60
linear;720;120;0.5;0.1;0.0005555555555555556;60
linear;720;120;0.5;0.2;0.0004166666666666667;60
linear;720;120;0.8;0.1;0.0009722222222222223;60
linear;720;120;0.8;0.2;0.0008333333333333335;60
linear;720;180;0.3;0.1;0.0002777777777777778;60
linear;720;180;0.3;0.2;0.00013888888888888886;60
linear;720;180;0.5;0.1;0.0005555555555555556;60
linear;720;180;0.5;0.2;0.0004166666666666667;60
linear;720;180;0.8;0.1;0.0009722222222222223;60
linear;720;180;0.8;0.2;0.0008333333333333335;60
linear;720;240;0.3;0.1;0.0002777777777777778;60
linear;720;240;0.3;0.2;0.00013888888888888886;60
linear;720;240;0.5;0.1;0.0005555555555555556;60
linear;720;240;0.5;0.2;0.0004166666666666667;60
linear;720;240;0.8;0.1;0.0009722222222222223;60
linear;720;240;0.8;0.2;0.0008333333333333335;60
linear;720;300;0.3;0.1;0.0002777777777777778;60
linear;720;300;0.3;0.2;0.00013888888888888886;60
linear;720;300;0.5;0.1;0.0005555555555555556;60
linear;720;300;0.5;0.2;0.0004166666666666667;60
linear;720;300;0.8;0.1;0.0009722222222222223;60
linear;720;300;0.8;0.2;0.0008333333333333335;60
linear;720;360;0.3;0.1;0.0002777777777777778;60
linear;720;360;0.3;0.2;0.00013888888888888886;60
linear;720;360;0.5;0.1;0.0005555555555555556;60
linear;720;360;0.5;0.2;0.0004166666666666667;60
linear;720;360;0.8;0.1;0.0009722222222222223;60
linear;720;360;0.8;0.2;0.0008333333333333335;60
linear;1440;0;0.3;0.1;0.0001388888888888889;60
linear;1440;0;0.3;0.2;6.944444444444443e-05;60
linear;1440;0;0.5;0.1;0.0002777777777777778;60
linear;1440;0;0.5;0.2;0.00020833333333333335;60
linear;1440;0;0.8;0.1;0.00048611111111111115;60
linear;1440;0;0.8;0.2;0.00041666666666666675;60
linear;1440;5;0.3;0.1;0.0001388888888888889;60
linear;1440;5;0.3;0.2;6.944444444444443e-05;60
linear;1440;5;0.5;0.1;0.0002777777777777778;60
linear;1440;5;0.5;0.2;0.00020833333333333335;60
linear;1440;5;0.8;0.1;0.00048611111111111115;60
linear;1440;5;0.8;0.2;0.00041666666666666675;60
linear;1440;10;0.3;0.1;0.0001388888888888889;60
linear;1440;10;0.3;0.2;6.944444444444443e-05;60
linear;1440;10;0.5;0.1;0.0002777777777777778;60
linear;1440;10;0.5;0.2;0.00020833333333333335;60
linear;1440;10;0.8;0.1;0.00048611111111111115;60
linear;1440;10;0.8;0.2;0.00041666666666666675;60
linear;1440;30;0.3;0.1;0.0001388888888888889;60
linear;1440;30;0.3;0.2;6.944444444444443e-05;60
linear;1440;30;0.5;0.1;0.0002777777777777778;60
linear;1440;30;0.5;0.2;0.00020833333333333335;60
linear;1440;30;0.8;0.1;0.00048611111111111115;60
linear;1440;30;0.8;0.2;0.00041666666666666675;60
linear;1440;60;0.3;0.1;0.0001388888888888889;60
linear;1440;60;0.3;0.2;6.944444444444443e-05;60
linear;1440;60;0.5;0.1;0.0002777777777777778;60
linear;1440;60;0.5;0.2;0.00020833333333333335;60
linear;1440;60;0.8;0.1;0.00048611111111111115;60
linear;1440;60;0.8;0.2;0.00041666666666666675;60
linear;1440;120;0.3;0.1;0.0001388888888888889;60
linear;1440;120;0.3;0.2;6.944444444444443e-05;60
linear;1440;120;0.5;0.1;0.0002777777777777778;60
linear;1440;120;0.5;0.2;0.00020833333333333335;60
linear;1440;120;0.8;0.1;0.00048611111111111115;60
linear;1440;120;0.8;0.2;0.00041666666666666675;60
linear;1440;180;0.3;0.1;0.0001388888888888889;60
linear;1440;180;0.3;0.2;6.944444444444443e-05;60
linear;1440;180;0.5;0.1;0.0002777777777777778;60
linear;1440;180;0.5;0.2;0.00020833333333333335;60
linear;1440;180;0.8;0.1;0.00048611111111111115;60
linear;1440;180;0.8;0.2;0.00041666666666666675;60
linear;1440;240;0.3;0.1;0.0001388888888888889;60
linear;1440;240;0.3;0.2;6.944444444444443e-05;60
linear;1440;240;0.5;0.1;0.0002777777777777778;60
linear;1440;240;0.5;0.2;0.00020833333333333335;60
linear;1440;240;0.8;0.1;0.00048611111111111115;60
linear;1440;240;0.8;0.2;0.00041666666666666675;60
linear;1440;300;0.3;0.1;0.0001388888888888889;60
linear;1440;300;0.3;0.2;6.944444444444443e-05;60
linear;1440;300;0.5;0.1;0.0002777777777777778;60
linear;1440;300;0.5;0.2;0.00020833333333333335;60
linear;1440;300;0.8;0.1;0.00048611111111111115;60
linear;1440;300;0.8;0.2;0.00041666666666666675;60
linear;1440;360;0.3;0.1;0.0001388888888888889;60
linear;1440;360;0.3;0.2;6.944444444444443e-05;60
linear;1440;360;0.5;0.1;0.0002777777777777778;60
linear;1440;360;0.5;0.2;0.00020833333333333335;60
linear;1440;360;0.8;0.1;0.00048611111111111115;60
linear;1440;360;0.8;0.2;0.00041666666666666675;60
linear;2880;0;0.3;0.1;6.944444444444444e-05;60
linear;2880;0;0.3;0.2;3.4722222222222215e-05;60
linear;2880;0;0.5;0.1;0.0001388888888888889;60
linear;2880;0;0.5;0.2;0.00010416666666666667;60
linear;2880;0;0.8;0.1;0.00024305555555555558;60
linear;2880;0;0.8;0.2;0.00020833333333333337;60
linear;2880;5;0.3;0.1;6.944444444444444e-05;60
linear;2880;5;0.3;0.2;3.4722222222222215e-05;60
linear;2880;5;0.5;0.1;0.0001388888888888889;60
linear;2880;5;0.5;0.2;0.00010416666666666667;60
linear;2880;5;0.8;0.1;0.00024305555555555558;60
linear;2880;5;0.8;0.2;0.00020833333333333337;60
linear;2880;10;0.3;0.1;6.944444444444444e-05;60
linear;2880;10;0.3;0.2;3.4722222222222215e-05;60
linear;2880;10;0.5;0.1;0.0001388888888888889;60
linear;2880;10;0.5;0.2;0.00010416666666666667;60
linear;2880;10;0.8;0.1;0.00024305555555555558;60
linear;2880;10;0.8;0.2;0.00020833333333333337;60
linear;2880;30;0.3;0.1;6.944444444444444e-05;60
linear;2880;30;0.3;0.2;3.4722222222222215e-05;60
linear;2880;30;0.5;0.1;0.0001388888888888889;60
linear;2880;30;0.5;0.2;0.00010416666666666667;60
linear;2880;30;0.8;0.1;0.00024305555555555558;60
linear;2880;30;0.8;0.2;0.00020833333333333337;60
linear;2880;60;0.3;0.1;6.944444444444444e-05;60
linear;2880;60;0.3;0.2;3.4722222222222215e-05;60
linear;2880;60;0.5;0.1;0.0001388888888888889;60
linear;2880;60;0.5;0.2;0.00010416666666666667;60
linear;2880;60;0.8;0.1;0.00024305555555555558;60
linear;2880;60;0.8;0.2;0.00020833333333333337;60
linear;2880;120;0.3;0.1;6.944444444444444e-05;60
linear;2880;120;0.3;0.2;3.4722222222222215e-05;60
linear;2880;120;0.5;0.1;0.0001388888888888889;60
linear;2880;120;0.5;0.2;0.00010416666666666667;60
linear;2880;120;0.8;0.1;0.00024305555555555558;60
linear;2880;120;0.8;0.2;0.00020833333333333337;60
linear;2880;180;0.3;0.1;6.944444444444444e-05;60
linear;2880;180;0.3;0.2;3.4722222222222215e-05;60
linear;2880;180;0.5;0.1;0.0001388888888888889;60
linear;2880;180;0.5;0.2;0.00010416666666666667;60
linear;2880;180;0.8;0.1;0.00024305555555555558;60
linear;2880;180;0.8;0.2;0.00020833333333333337;60
linear;2880;240;0.3;0.1;6.944444444444444e-05;60
linear;2880;240;0.3;0.2;3.4722222222222215e-05;60
linear;2880;240;0.5;0.1;0.0001388888888888889;60
linear;2880;240;0.5;0.2;0.00010416666666666667;60
linear;2880;240;0.8;0.1;0.00024305555555555558;60
linear;2880;240;0.8;0.2;0.00020833333333333337;60
linear;2880;300;0.3;0.1;6.944444444444444e-05;60
linear;2880;300;0.3;0.2;3.4722222222222215e-05;60
linear;2880;300;0.5;0.1;0.0001388888888888889;60
linear;2880;300;0.5;0.2;0.00010416666666666667;60
linear;2880;300;0.8;0.1;0.00024305555555555558;60
linear;2880;300;0.8;0.2;0.00020833333333333337;60
linear;2880;360;0.3;0.1;6.944444444444444e-05;60
linear;2880;360;0.3;0.2;3.4722222222222215e-05;60
linear;2880;360;0.5;0.1;0.0001388888888888889;60
linear;2880;360;0.5;0.2;0.00010416666666666667;60
linear;2880;360;0.8;0.1;0.00024305555555555558;60
linear;2880;360;0.8;0.2;0.00020833333333333337;60
